player_id,name,recent_team,season,week,years_exp,position_wr,position_te,season_tot_receptions,season_tot_targets,season_tot_receiving_yards,season_tot_receiving_tds,season_tot_receiving_air_yards,season_avg_racr,season_avg_tgt_share,season_avg_air_yards_share,season_avg_wopr,season_avg_fantasy_points_ppr,recent_racr,recent_tgt_share,recent_air_yards_share,recent_wopr,recent_fantasy_points_ppr,lw_fpts,lw_wopr,career_fpts,actual_fantasy_pts
00-0024243,Marcedes Lewis,GB,2022,6,16,0,1,1,1,2,1,2,1.00,0.03,0.01,0.04,7.20,1.00,0.03,0.01,0.04,7.20,7.20,0.04,5.83,7.20
00-0027942,A.J. Green,ARI,2022,6,11,1,0,8,18,49,0,194,0.25,0.10,0.17,0.27,3.72,0.19,0.10,0.18,0.27,3.87,5.00,0.39,14.54,5.00
00-0027944,Julio Jones,TB,2022,6,11,1,0,4,7,76,0,161,0.47,0.09,0.26,0.31,6.65,0.47,0.09,0.26,0.31,6.65,1.70,0.17,17.98,1.70
00-0027981,Kyle Rudolph,TB,2022,6,11,0,1,1,2,12,0,12,1.00,0.02,0.02,0.05,1.10,1.00,0.02,0.02,0.05,1.10,0.00,0.03,8.16,0.00
00-0028002,Randall Cobb,GB,2022,6,11,1,0,17,25,249,0,279,0.89,0.15,0.25,0.40,8.38,0.71,0.18,0.26,0.45,10.60,16.90,0.79,11.90,16.90
00-0029000,Cole Beasley,TB,2022,6,10,1,0,4,5,17,0,12,1.42,0.05,0.02,0.10,2.85,1.42,0.05,0.02,0.10,2.85,1.50,0.02,8.94,1.50
00-0029293,Marvin Jones,JAX,2022,6,10,1,0,18,30,208,1,395,0.53,0.17,0.29,0.46,8.96,0.35,0.18,0.29,0.47,10.23,17.40,0.59,11.99,17.40
00-0029664,Josh Gordon,TEN,2022,6,10,1,0,0,1,0,0,12,0.00,0.04,0.06,0.11,0.00,0.00,0.04,0.06,0.11,0.00,0.00,0.11,11.11,0.00
00-0030035,Adam Thielen,MIN,2022,6,8,1,0,25,35,248,1,300,0.83,0.19,0.26,0.46,11.16,0.53,0.22,0.26,0.51,13.33,6.70,0.43,13.26,6.70
00-0030061,Zach Ertz,ARI,2022,6,9,0,1,28,41,229,2,273,0.84,0.20,0.21,0.44,12.98,0.51,0.21,0.24,0.48,12.67,10.80,0.63,11.73,10.80
00-0030068,Marquise Goodwin,SEA,2022,6,9,1,0,4,8,53,0,94,0.56,0.08,0.13,0.21,3.10,0.56,0.08,0.13,0.21,3.10,5.10,0.29,6.31,5.10
00-0030108,Ryan Griffin,CHI,2022,6,9,0,1,2,5,19,0,48,0.40,0.07,0.07,0.15,0.97,0.40,0.05,0.04,0.10,1.30,0.00,0.07,5.25,0.00
00-0030279,Keenan Allen,LAC,2022,6,9,1,0,4,4,66,0,52,1.27,0.12,0.22,0.33,10.60,1.27,0.12,0.22,0.33,10.60,10.60,0.33,16.25,10.60
00-0030431,Robert Woods,TEN,2022,6,9,1,0,17,28,204,1,233,0.88,0.23,0.24,0.51,8.68,0.65,0.30,0.33,0.68,11.07,7.70,0.67,12.45,7.70
00-0030506,Travis Kelce,KC,2022,6,9,0,1,33,42,347,7,321,1.08,0.23,0.24,0.51,22.36,0.55,0.24,0.20,0.50,25.20,33.50,0.42,16.24,33.50
00-0031236,Brandin Cooks,HOU,2022,6,8,1,0,24,42,235,1,343,0.69,0.26,0.29,0.59,10.70,0.29,0.22,0.22,0.49,9.63,6.00,0.51,14.16,6.00
00-0031260,Logan Thomas,WAS,2022,6,8,0,1,13,20,106,1,167,0.63,0.12,0.13,0.27,7.40,0.37,0.11,0.09,0.23,7.37,6.90,0.26,6.55,6.90
00-0031273,Cameron Brate,TB,2022,6,8,0,1,11,19,100,0,118,0.85,0.13,0.10,0.26,5.25,0.79,0.13,0.12,0.28,6.43,7.20,0.31,7.00,7.20
00-0031325,Sammy Watkins,GB,2022,6,8,1,0,6,7,111,0,72,1.54,0.12,0.21,0.32,8.55,1.54,0.12,0.21,0.32,8.55,12.30,0.59,11.01,12.30
00-0031381,Davante Adams,LV,2022,6,8,1,0,29,54,414,5,592,0.70,0.31,0.40,0.75,20.08,0.44,0.31,0.36,0.71,20.37,27.40,0.75,17.18,27.40
00-0031382,Jarvis Landry,NO,2022,6,8,1,0,15,21,168,0,226,0.74,0.15,0.14,0.33,8.45,0.24,0.11,0.08,0.22,5.13,4.70,0.12,14.03,4.70
00-0031384,Richard Rodgers,LAC,2022,6,8,0,1,0,1,0,0,1,0.00,0.03,0.00,0.05,0.00,0.00,0.03,0.00,0.05,0.00,0.00,0.05,6.28,0.00
00-0031408,Mike Evans,TB,2022,6,8,1,0,20,29,316,3,381,0.83,0.18,0.30,0.48,17.40,0.64,0.16,0.30,0.45,17.17,12.10,0.46,16.34,12.10
00-0031428,Allen Robinson,LA,2022,6,8,1,0,12,23,107,1,221,0.48,0.12,0.17,0.30,5.74,0.19,0.14,0.19,0.34,3.73,4.20,0.25,13.56,4.20
00-0031484,Chris Manhertz,JAX,2022,6,6,0,1,3,3,15,0,3,5.00,0.04,0.00,0.07,2.25,5.00,0.04,0.00,0.07,2.25,3.50,0.08,2.23,3.50
00-0031544,Amari Cooper,CLE,2022,6,7,1,0,27,43,304,3,447,0.68,0.28,0.39,0.69,15.08,0.42,0.28,0.38,0.68,15.20,20.60,0.85,14.02,20.60
00-0031547,DeVante Parker,NE,2022,6,7,1,0,8,16,189,1,304,0.62,0.14,0.28,0.40,8.22,0.59,0.16,0.34,0.48,10.33,10.40,0.23,10.96,10.40
00-0031549,Nelson Agholor,NE,2022,6,7,1,0,14,19,225,1,259,0.87,0.14,0.20,0.35,7.70,0.34,0.11,0.20,0.31,3.90,0.00,0.12,8.61,0.00
00-0031588,Stefon Diggs,BUF,2022,6,7,1,0,39,52,508,5,532,0.95,0.26,0.34,0.63,23.96,0.45,0.22,0.28,0.53,16.27,24.20,0.64,16.08,24.20
00-0031610,Darren Waller,LV,2022,6,7,0,1,16,24,175,1,273,0.64,0.17,0.23,0.41,9.87,0.35,0.16,0.22,0.40,9.20,5.40,0.46,11.89,5.40
00-0031690,Eric Tomlinson,DEN,2022,6,7,0,1,0,2,0,0,17,0.00,0.03,0.03,0.06,0.00,0.00,0.03,0.03,0.06,0.00,0.00,0.07,2.10,0.00
00-0031763,DeAndre Carter,LAC,2022,6,7,1,0,13,16,175,1,162,1.08,0.08,0.13,0.22,7.20,0.35,0.08,0.07,0.17,4.03,2.90,0.10,5.54,2.90
00-0031787,Jake Kumerow,BUF,2022,6,5,1,0,4,5,64,0,47,1.36,0.05,0.07,0.13,5.20,1.36,0.05,0.07,0.13,5.20,3.40,0.06,3.83,3.40
00-0031868,Damiere Byrd,ATL,2022,6,7,1,0,0,2,0,0,48,0.00,0.05,0.11,0.15,0.00,0.00,0.05,0.11,0.15,0.00,0.00,0.09,6.08,0.00
00-0031941,Jamison Crowder,BUF,2022,6,7,1,0,6,13,60,0,121,0.50,0.08,0.11,0.20,3.00,0.26,0.07,0.11,0.18,2.07,1.70,0.29,10.65,1.70
00-0032054,Breshad Perriman,TB,2022,6,7,1,0,6,12,89,1,201,0.44,0.12,0.24,0.35,6.07,0.44,0.12,0.24,0.35,6.07,5.40,0.32,6.64,5.40
00-0032128,Chris Conley,HOU,2022,6,7,1,0,0,2,0,0,18,0.00,0.06,0.07,0.13,0.00,0.00,0.06,0.07,0.13,0.00,0.00,0.13,6.30,0.00
00-0032134,C.J. Uzomah,NYJ,2022,6,7,0,1,3,3,17,0,10,1.70,0.04,0.01,0.08,2.35,1.70,0.04,0.01,0.08,2.35,3.20,0.16,6.20,3.20
00-0032141,Geoff Swaim,TEN,2022,6,7,0,1,7,8,43,1,21,2.05,0.10,0.03,0.17,5.77,2.05,0.10,0.03,0.17,5.77,1.50,0.08,4.21,1.50
00-0032208,Phillip Dorsett,HOU,2022,6,7,1,0,1,4,15,0,36,0.42,0.04,0.05,0.09,0.83,0.42,0.04,0.05,0.09,0.83,0.00,0.13,5.93,0.00
00-0032211,Tyler Lockett,SEA,2022,6,7,1,0,32,40,406,2,527,0.77,0.26,0.39,0.67,16.92,0.51,0.26,0.37,0.64,19.70,27.40,0.69,12.78,27.40
00-0032214,Tyler Kroft,SF,2022,6,7,0,1,1,2,9,0,33,0.27,0.08,0.16,0.23,1.90,0.27,0.08,0.16,0.23,1.90,1.90,0.23,4.88,1.90
00-0032385,Sterling Shepard,NYG,2022,6,6,1,0,13,24,154,1,225,0.68,0.28,0.42,0.72,11.47,0.68,0.28,0.42,0.72,11.47,9.90,0.79,12.34,9.90
00-0032392,Austin Hooper,TEN,2022,6,6,0,1,6,11,55,0,68,0.81,0.09,0.07,0.18,2.30,0.44,0.06,0.04,0.12,2.33,1.70,0.09,8.35,1.70
00-0032394,Nick Vannett,NO,2022,6,6,0,1,1,1,5,0,3,1.67,0.03,0.01,0.04,1.50,1.67,0.03,0.01,0.04,1.50,1.50,0.04,3.47,1.50
00-0032398,Chris Moore,HOU,2022,6,6,1,0,8,12,108,0,70,1.54,0.09,0.07,0.18,4.70,1.10,0.09,0.07,0.18,4.23,0.00,0.10,3.95,0.00
00-0032464,Kalif Raymond,DET,2022,6,6,1,0,9,15,87,0,191,0.46,0.10,0.14,0.26,4.00,0.46,0.12,0.15,0.29,5.33,9.50,0.47,5.47,9.50
00-0032688,Robbie Anderson,CAR,2022,6,6,1,0,13,27,206,1,321,0.64,0.18,0.30,0.47,7.52,0.22,0.14,0.30,0.42,4.07,4.20,0.35,10.55,4.20
00-0032725,Stephen Anderson,ARI,2022,6,6,0,1,1,1,2,0,2,1.00,0.02,0.01,0.04,1.20,1.00,0.02,0.01,0.04,1.20,1.20,0.04,3.74,1.20
00-0032765,Michael Thomas,NO,2022,6,6,1,0,16,22,171,3,237,0.72,0.20,0.18,0.43,17.03,0.72,0.20,0.18,0.43,17.03,9.90,0.25,18.29,9.90
00-0032775,Demarcus Robinson,BAL,2022,6,6,1,0,6,12,49,1,120,0.41,0.09,0.09,0.19,3.38,0.15,0.07,0.09,0.17,1.60,1.80,0.20,5.53,1.80
00-0032980,Marcus Johnson,NYG,2022,6,6,1,0,3,3,35,0,22,1.59,0.12,0.16,0.29,6.50,1.59,0.12,0.16,0.29,6.50,6.50,0.29,4.62,6.50
00-0033009,Tyler Boyd,CIN,2022,6,6,1,0,15,23,234,2,226,1.04,0.12,0.18,0.31,10.66,0.81,0.14,0.17,0.33,11.44,6.20,0.21,11.32,6.20
00-0033040,Tyreek Hill,MIA,2022,6,6,1,0,38,50,524,2,485,1.08,0.30,0.34,0.69,20.84,0.49,0.28,0.30,0.64,14.73,13.00,0.43,17.92,13.00
00-0033090,Hunter Henry,NE,2022,6,6,0,1,9,14,95,0,117,0.81,0.10,0.09,0.22,3.70,0.64,0.14,0.11,0.28,4.83,9.40,0.49,9.99,9.40
00-0033110,Tyler Higbee,LA,2022,6,6,0,1,33,48,290,0,165,1.76,0.25,0.13,0.47,12.40,1.09,0.24,0.11,0.44,13.00,11.60,0.43,7.22,11.60
00-0033114,Mike Thomas,CIN,2022,6,6,1,0,2,8,38,0,101,0.38,0.09,0.21,0.29,3.90,0.38,0.09,0.21,0.29,3.90,4.30,0.36,2.28,4.30
00-0033217,Mo Alie-Cox,IND,2022,6,5,0,1,11,15,136,2,70,1.94,0.08,0.06,0.16,7.32,1.44,0.09,0.06,0.18,10.03,1.70,0.05,4.61,1.70
00-0033246,Johnny Mundt,MIN,2022,6,5,0,1,9,11,74,0,17,4.35,0.06,0.01,0.10,3.28,1.71,0.05,0.00,0.06,2.30,2.60,0.06,2.55,2.60
00-0033251,Zach Pascal,PHI,2022,6,5,1,0,6,7,39,0,37,1.05,0.06,0.04,0.12,2.48,0.86,0.07,0.04,0.13,2.73,0.00,0.16,7.29,0.00
00-0033282,Curtis Samuel,WAS,2022,6,5,1,0,34,50,287,2,256,1.12,0.22,0.14,0.43,12.97,0.41,0.20,0.19,0.44,7.53,2.60,0.54,10.37,2.60
00-0033288,George Kittle,SF,2022,6,5,0,1,11,15,99,0,68,1.46,0.18,0.11,0.35,6.30,1.46,0.18,0.11,0.35,6.30,7.70,0.40,12.74,7.70
00-0033307,Kendrick Bourne,NE,2022,6,5,1,0,10,13,139,0,166,0.84,0.09,0.13,0.23,5.06,0.49,0.12,0.14,0.28,5.53,1.00,0.07,7.79,1.00
00-0033357,Taysom Hill,NO,2022,6,5,0,1,1,1,2,0,2,1.00,0.01,0.00,0.01,14.72,0.00,0.00,0.00,0.00,14.53,34.08,0.00,7.70,34.08
00-0033386,Cody Hollister,TEN,2022,6,5,1,0,1,1,22,0,22,1.00,0.03,0.08,0.10,3.20,1.00,0.03,0.08,0.10,3.20,3.20,0.10,2.67,3.20
00-0033439,Pharaoh Brown,HOU,2022,6,5,0,1,7,10,72,0,60,1.20,0.10,0.08,0.20,4.73,1.20,0.10,0.08,0.20,4.73,6.10,0.27,3.82,6.10
00-0033455,Anthony Firkser,ATL,2022,6,4,0,1,3,4,39,0,33,1.18,0.05,0.04,0.11,2.30,1.18,0.05,0.04,0.11,2.30,2.10,0.10,5.05,2.10
00-0033466,Isaiah McKenzie,BUF,2022,6,5,1,0,15,21,153,3,139,1.10,0.13,0.13,0.28,12.23,0.96,0.14,0.13,0.30,13.00,12.10,0.35,5.98,12.10
00-0033536,Mike Williams,LAC,2022,6,5,1,0,28,44,392,2,496,0.79,0.23,0.39,0.62,15.84,0.54,0.27,0.43,0.71,16.97,23.40,1.05,11.19,23.40
00-0033555,Mack Hollins,LV,2022,6,5,1,0,17,29,273,1,397,0.69,0.17,0.27,0.44,10.09,0.48,0.20,0.35,0.55,12.09,0.00,0.47,4.53,0.00
00-0033572,Jamal Agnew,JAX,2022,6,5,1,0,6,10,73,2,115,0.63,0.06,0.08,0.15,5.26,0.58,0.08,0.10,0.18,8.00,0.30,0.04,4.52,0.30
00-0033576,Eric Saubert,DEN,2022,6,5,0,1,7,13,83,1,139,0.60,0.08,0.10,0.19,4.26,0.44,0.11,0.11,0.24,4.03,8.60,0.34,2.54,8.60
00-0033591,Noah Brown,DAL,2022,6,5,1,0,19,29,279,1,295,0.95,0.20,0.26,0.49,10.58,0.41,0.21,0.22,0.47,7.00,1.50,0.25,3.75,1.50
00-0033633,Tanner Gentry,BUF,2022,6,5,1,0,0,1,0,0,7,0.00,0.03,0.02,0.05,0.00,0.00,0.03,0.02,0.05,0.00,0.00,0.05,1.30,0.00
00-0033681,Keelan Cole,LV,2022,6,5,1,0,1,4,12,0,67,0.18,0.10,0.18,0.27,2.20,0.18,0.10,0.18,0.27,2.20,2.20,0.27,7.41,2.20
00-0033757,Robert Tonyan,GB,2022,6,5,0,1,17,20,129,1,47,2.74,0.12,0.04,0.21,7.18,1.74,0.12,0.03,0.21,8.73,6.30,0.14,7.47,6.30
00-0033798,Mason Schreck,HOU,2022,6,5,0,1,2,2,6,0,6,1.00,0.03,0.02,0.06,1.30,1.00,0.03,0.02,0.06,1.30,1.60,0.08,0.87,1.60
00-0033857,JuJu Smith-Schuster,KC,2022,6,5,1,0,22,35,257,0,299,0.86,0.19,0.22,0.44,9.14,0.56,0.22,0.26,0.51,9.93,6.30,0.44,13.92,6.30
00-0033858,Jonnu Smith,NE,2022,6,5,0,1,7,11,58,0,47,1.23,0.11,0.05,0.21,4.27,1.23,0.11,0.05,0.21,4.27,6.50,0.19,5.98,6.50
00-0033871,Corey Davis,NYJ,2022,6,5,1,0,17,29,299,2,440,0.68,0.14,0.27,0.40,11.78,0.32,0.15,0.20,0.36,9.63,5.80,0.45,10.17,5.80
00-0033879,O.J. Howard,HOU,2022,6,5,0,1,5,10,72,2,147,0.49,0.06,0.12,0.18,4.84,0.18,0.08,0.17,0.24,1.57,0.00,0.10,7.34,0.00
00-0033881,Evan Engram,JAX,2022,6,5,0,1,19,26,168,0,202,0.83,0.15,0.15,0.33,7.56,0.47,0.13,0.19,0.33,6.47,12.90,0.53,9.87,12.90
00-0033885,David Njoku,CLE,2022,6,5,0,1,24,29,289,1,155,1.86,0.19,0.14,0.38,11.26,1.61,0.23,0.18,0.48,16.13,14.80,0.39,7.19,14.80
00-0033891,Zay Jones,JAX,2022,6,5,1,0,22,32,185,1,212,0.87,0.21,0.18,0.45,11.63,0.57,0.21,0.16,0.42,11.33,4.20,0.38,6.51,4.20
00-0033895,Gerald Everett,LAC,2022,6,5,0,1,17,29,213,2,225,0.95,0.15,0.18,0.35,10.06,0.39,0.14,0.20,0.34,7.60,1.20,0.23,6.14,1.20
00-0033908,Cooper Kupp,LA,2022,6,5,1,0,49,64,527,4,492,1.07,0.34,0.38,0.77,26.42,0.59,0.30,0.33,0.69,22.83,25.90,0.52,18.45,25.90
00-0033921,Chris Godwin,TB,2022,6,5,1,0,16,19,155,0,95,1.63,0.15,0.10,0.29,10.57,1.63,0.15,0.10,0.29,10.57,12.30,0.26,13.65,12.30
00-0033932,Kenny Golladay,NYG,2022,6,5,1,0,2,6,22,0,54,0.41,0.09,0.11,0.21,1.40,0.41,0.09,0.11,0.21,1.40,0.00,0.17,11.07,0.00
00-0033943,Josh Reynolds,DET,2022,6,5,1,0,23,34,335,2,436,0.77,0.19,0.27,0.48,13.70,0.62,0.26,0.36,0.65,17.30,15.20,0.78,7.10,15.20
00-0034011,Dan Arnold,JAX,2022,6,5,0,1,3,4,54,0,23,2.35,0.04,0.03,0.08,2.80,2.35,0.04,0.03,0.08,2.80,3.00,0.10,6.17,3.00
00-0034054,River Cracraft,MIA,2022,6,5,1,0,2,5,13,2,43,0.30,0.04,0.04,0.08,3.83,0.26,0.03,0.05,0.09,2.70,0.00,0.08,3.85,0.00
00-0034073,Ross Dwelley,SF,2022,6,4,0,1,2,4,49,1,34,1.44,0.05,0.07,0.13,4.30,1.44,0.05,0.07,0.13,4.30,0.00,0.08,4.88,0.00
00-0034104,Cam Sims,WAS,2022,6,4,1,0,2,7,13,0,139,0.09,0.05,0.12,0.15,0.83,0.09,0.06,0.12,0.17,1.10,1.60,0.20,5.73,1.60
00-0034159,Will Dissly,SEA,2022,6,4,0,1,14,15,137,3,73,1.88,0.10,0.05,0.18,9.14,1.29,0.10,0.06,0.20,10.13,4.10,0.22,6.37,4.10
00-0034270,Tyler Conklin,NYJ,2022,6,4,0,1,21,30,192,1,130,1.48,0.15,0.08,0.28,9.24,1.05,0.14,0.10,0.28,8.20,0.00,0.21,6.42,0.00
00-0034272,Marquez Valdes-Scantling,KC,2022,6,4,1,0,19,31,258,0,336,0.77,0.17,0.25,0.43,8.90,0.60,0.18,0.30,0.48,11.03,15.00,0.50,7.85,15.00
00-0034279,Equanimeous St. Brown,CHI,2022,6,4,1,0,7,14,112,1,154,0.73,0.13,0.15,0.29,4.43,0.23,0.07,0.07,0.16,1.53,0.10,0.00,3.58,0.10
00-0034286,Richie James,NYG,2022,6,4,1,0,17,22,171,0,198,0.86,0.17,0.24,0.43,6.94,0.31,0.14,0.17,0.32,4.50,3.60,0.18,6.37,3.60
00-0034297,Byron Pringle,CHI,2022,6,4,1,0,2,3,33,0,58,0.57,0.09,0.19,0.27,2.65,0.57,0.09,0.19,0.27,2.65,2.10,0.13,7.17,2.10
00-0034317,Keith Kirkwood,NO,2022,6,4,1,0,1,1,4,0,2,2.00,0.04,0.01,0.07,1.40,2.00,0.04,0.01,0.07,1.40,1.40,0.07,4.85,1.40
00-0034348,Courtland Sutton,DEN,2022,6,4,1,0,29,46,417,1,568,0.73,0.28,0.40,0.70,15.44,0.39,0.29,0.35,0.69,15.43,12.40,0.71,10.83,12.40
00-0034351,Dallas Goedert,PHI,2022,6,4,0,1,24,29,335,1,100,3.35,0.19,0.09,0.35,12.70,1.93,0.21,0.07,0.36,13.77,17.50,0.61,9.83,17.50
00-0034364,Jordan Akins,HOU,2022,6,4,0,1,7,8,86,1,44,1.95,0.09,0.07,0.18,7.20,1.95,0.09,0.07,0.18,7.20,4.20,0.19,4.81,4.20
00-0034365,Ian Thomas,CAR,2022,6,4,0,1,8,14,93,0,72,1.29,0.09,0.07,0.18,3.46,0.38,0.08,0.01,0.13,2.57,2.80,0.07,4.15,2.80
00-0034383,Dalton Schultz,DAL,2022,6,4,0,1,9,17,80,0,88,0.91,0.15,0.10,0.30,3.75,0.20,0.11,0.05,0.20,0.60,0.00,0.12,8.63,0.00
00-0034386,Justin Watson,KC,2022,6,4,1,0,3,6,60,1,92,0.65,0.03,0.07,0.10,3.00,0.11,0.03,0.06,0.08,0.67,2.00,0.05,4.46,2.00
00-0034407,Ray-Ray McCloud,SF,2022,6,4,1,0,4,8,53,0,88,0.60,0.08,0.12,0.20,2.32,0.38,0.08,0.10,0.19,2.10,1.60,0.34,3.37,1.60
00-0034411,Russell Gage,TB,2022,6,4,1,0,23,31,172,1,151,1.14,0.15,0.10,0.30,9.24,0.87,0.16,0.15,0.35,11.70,6.00,0.27,9.50,6.00
00-0034418,Cedrick Wilson,MIA,2022,6,4,1,0,4,7,40,0,89,0.45,0.06,0.11,0.17,2.93,0.45,0.06,0.11,0.17,2.93,4.00,0.39,7.39,4.00
00-0034419,Braxton Berrios,NYJ,2022,6,4,1,0,7,9,42,0,38,1.11,0.04,0.02,0.08,4.96,0.13,0.03,0.03,0.06,4.63,8.40,0.06,6.68,8.40
00-0034487,Trent Sherfield,MIA,2022,6,4,1,0,9,13,82,0,145,0.57,0.08,0.10,0.19,3.44,0.45,0.10,0.16,0.26,4.17,1.50,0.19,3.51,1.50
00-0034521,Allen Lazard,GB,2022,6,4,1,0,16,25,209,3,330,0.63,0.19,0.37,0.54,13.73,0.59,0.21,0.39,0.59,15.20,13.50,0.54,9.72,13.50
00-0034613,Tanner Hudson,NYG,2022,6,4,0,1,3,5,40,0,52,0.77,0.11,0.15,0.26,3.50,0.77,0.11,0.15,0.26,3.50,2.80,0.31,1.70,2.80
00-0034646,Brandon Powell,LA,2022,6,4,1,0,5,5,43,0,0,43.00,0.03,0.00,0.04,1.64,27.00,0.03,-0.01,0.03,2.30,0.10,0.00,3.40,0.10
00-0034753,Mark Andrews,BAL,2022,6,4,0,1,32,46,349,4,478,0.73,0.33,0.37,0.75,18.24,0.40,0.34,0.40,0.79,18.43,22.90,0.73,12.76,22.90
00-0034764,Michael Gallup,DAL,2022,6,4,1,0,6,8,68,1,70,0.97,0.19,0.20,0.43,9.40,0.97,0.19,0.20,0.43,9.40,8.40,0.71,10.72,8.40
00-0034765,Tre'Quan Smith,NO,2022,6,4,1,0,6,11,133,0,194,0.69,0.12,0.20,0.32,6.43,0.69,0.12,0.20,0.32,6.43,2.00,0.40,7.75,2.00
00-0034775,Christian Kirk,JAX,2022,6,4,1,0,21,39,338,3,371,0.91,0.23,0.27,0.53,14.62,0.39,0.20,0.25,0.48,9.87,2.10,0.21,11.77,2.10
00-0034777,D.J. Chark,DET,2022,6,4,1,0,7,18,98,1,328,0.30,0.17,0.34,0.49,7.60,0.30,0.17,0.34,0.49,7.60,7.60,0.48,10.59,7.60
00-0034798,Durham Smythe,MIA,2022,6,4,0,1,6,7,50,0,30,1.67,0.05,0.03,0.10,4.28,1.20,0.05,0.02,0.09,4.90,7.90,0.07,3.70,7.90
00-0034827,D.J. Moore,CAR,2022,6,4,1,0,17,37,197,1,381,0.52,0.24,0.35,0.61,9.32,0.29,0.25,0.37,0.64,8.43,10.70,0.59,13.02,10.70
00-0034829,Mike Gesicki,MIA,2022,6,4,0,1,9,12,101,1,99,1.02,0.07,0.07,0.16,5.02,0.60,0.08,0.09,0.18,3.30,4.00,0.19,7.96,4.00
00-0034830,Hayden Hurst,CIN,2022,6,4,0,1,20,28,157,2,109,1.44,0.15,0.09,0.28,9.54,0.80,0.13,0.07,0.24,10.23,17.30,0.53,6.47,17.30
00-0034854,KhaDarel Hodge,ATL,2022,6,4,1,0,8,12,128,0,119,1.08,0.12,0.13,0.27,5.70,0.76,0.13,0.14,0.30,5.33,8.30,0.43,3.15,8.30
00-0034860,Dante Pettis,CHI,2022,6,4,1,0,5,13,135,2,171,0.79,0.15,0.22,0.39,7.63,0.49,0.18,0.25,0.44,6.13,18.40,0.67,7.83,18.40
00-0034959,Andrew Beck,DEN,2022,6,3,0,1,2,4,52,0,48,1.08,0.04,0.05,0.09,2.37,1.08,0.04,0.05,0.09,2.37,0.00,0.09,2.64,0.00
00-0034960,Jakobi Meyers,NE,2022,6,3,1,0,20,27,261,1,306,0.85,0.32,0.39,0.75,17.60,0.85,0.32,0.39,0.75,17.60,24.10,0.96,10.55,24.10
00-0034970,Irv Smith Jr.,MIN,2022,6,3,0,1,14,25,133,1,143,0.93,0.13,0.13,0.29,6.66,0.68,0.14,0.10,0.28,6.23,8.20,0.28,6.81,8.20
00-0034981,Foster Moreau,LV,2022,6,3,0,1,6,8,74,0,50,1.48,0.10,0.08,0.21,6.70,1.48,0.10,0.08,0.21,6.70,7.40,0.22,6.06,7.40
00-0034983,Hunter Renfrow,LV,2022,6,3,1,0,14,20,105,0,72,1.46,0.20,0.08,0.36,7.50,1.46,0.20,0.08,0.36,7.50,6.50,0.27,11.21,6.50
00-0035021,Ashton Dulin,IND,2022,6,3,1,0,12,18,168,0,215,0.78,0.10,0.18,0.27,5.82,0.20,0.05,0.06,0.11,2.77,2.80,0.09,3.13,2.80
00-0035022,Penny Hart,SEA,2022,6,3,1,0,1,1,15,0,7,2.14,0.02,0.02,0.05,2.50,2.14,0.02,0.02,0.05,2.50,2.50,0.05,1.69,2.50
00-0035140,Mecole Hardman,KC,2022,6,3,1,0,12,17,144,1,187,0.77,0.09,0.14,0.24,6.54,0.42,0.06,0.07,0.14,4.87,12.00,0.33,7.99,12.00
00-0035208,Olamide Zaccheaus,ATL,2022,6,3,1,0,12,14,213,2,177,1.20,0.12,0.14,0.28,8.66,0.81,0.13,0.16,0.31,8.77,11.90,0.38,6.45,11.90
00-0035215,Deonte Harty,NO,2022,6,3,1,0,2,2,13,0,5,2.60,0.03,0.01,0.05,1.65,2.60,0.03,0.01,0.05,1.65,1.90,0.05,5.93,1.90
00-0035216,Diontae Johnson,PIT,2022,6,3,1,0,28,50,267,0,562,0.48,0.28,0.35,0.67,11.56,0.28,0.26,0.31,0.61,10.53,11.00,0.68,14.04,11.00
00-0035222,Zach Gentry,PIT,2022,6,3,0,1,8,9,85,0,18,4.72,0.08,0.02,0.13,5.50,4.72,0.08,0.02,0.13,5.50,9.30,0.22,4.06,9.30
00-0035229,T.J. Hockenson,DET,2022,6,3,0,1,19,34,267,3,266,1.00,0.19,0.16,0.40,13.14,0.76,0.19,0.17,0.40,17.43,1.60,0.31,10.38,1.60
00-0035249,Josh Oliver,BAL,2022,6,3,0,1,2,3,8,1,-7,-1.14,0.06,-0.01,0.07,4.40,-1.14,0.06,-0.01,0.07,4.40,0.00,0.04,1.93,0.00
00-0035259,Trevon Wesco,CHI,2022,6,3,0,1,1,2,23,0,15,1.53,0.10,0.08,0.20,3.30,1.53,0.10,0.08,0.20,3.30,3.30,0.20,1.82,3.30
00-0035298,Scott Miller,TB,2022,6,3,1,0,8,20,73,0,307,0.24,0.16,0.35,0.49,5.37,0.24,0.16,0.35,0.49,5.37,7.50,0.47,5.60,7.50
00-0035329,Donald Parham,LAC,2022,6,3,0,1,0,1,0,0,9,0.00,0.03,0.05,0.08,0.00,0.00,0.03,0.05,0.08,0.00,0.00,0.08,4.47,0.00
00-0035345,Chris Myarick,NYG,2022,6,3,0,1,3,3,11,1,3,3.67,0.04,0.01,0.06,3.37,3.67,0.04,0.01,0.06,3.37,1.40,0.05,2.97,1.40
00-0035359,David Sills,NYG,2022,6,3,1,0,8,12,74,0,92,0.80,0.11,0.13,0.26,3.85,0.40,0.11,0.13,0.25,2.90,3.20,0.13,2.39,3.20
00-0035399,Stanley Morgan,CIN,2022,6,3,1,0,0,1,0,0,0,0.00,0.03,0.00,0.04,0.00,0.00,0.03,0.00,0.04,0.00,0.00,0.04,0.91,0.00
00-0035406,Lil'Jordan Humphrey,NE,2022,6,3,1,0,2,4,20,0,27,0.74,0.05,0.03,0.09,1.33,0.74,0.05,0.03,0.09,1.33,1.90,0.06,4.99,1.90
00-0035414,Jalen Guyton,LAC,2022,6,3,1,0,2,4,64,0,115,0.56,0.05,0.20,0.22,4.20,0.56,0.05,0.20,0.22,4.20,8.40,0.28,5.79,8.40
00-0035500,Greg Dortch,ARI,2022,6,3,1,0,21,24,204,1,127,1.61,0.14,0.12,0.30,11.85,1.11,0.11,0.09,0.23,11.37,1.60,0.07,9.05,1.60
00-0035510,Jeff Smith,NYJ,2022,6,3,1,0,2,3,28,0,36,0.78,0.03,0.04,0.07,1.60,0.78,0.03,0.04,0.07,1.60,2.10,0.08,3.00,2.10
00-0035527,Andy Isabella,ARI,2022,6,3,1,0,2,5,21,0,70,0.30,0.05,0.12,0.16,2.05,0.30,0.05,0.12,0.16,2.05,2.10,0.14,4.20,2.10
00-0035535,Darius Slayton,NYG,2022,6,3,1,0,7,9,90,0,136,0.66,0.22,0.48,0.66,8.00,0.66,0.22,0.48,0.66,8.00,13.90,0.78,8.79,13.90
00-0035544,Tom Kennedy,DET,2022,6,3,1,0,3,5,54,0,73,0.74,0.13,0.19,0.32,8.40,0.74,0.13,0.19,0.32,8.40,8.40,0.32,3.83,8.40
00-0035547,Jody Fortson,KC,2022,6,3,0,1,2,3,11,2,9,1.22,0.03,0.01,0.05,5.03,1.22,0.03,0.01,0.05,5.03,8.00,0.06,5.26,8.00
00-0035562,Jesper Horsted,LV,2022,6,3,0,1,3,3,19,0,13,1.46,0.11,0.04,0.20,4.90,1.46,0.11,0.04,0.20,4.90,4.90,0.20,4.86,4.90
00-0035572,Parker Hesse,ATL,2022,6,3,0,1,4,5,41,0,36,1.14,0.05,0.04,0.10,2.03,1.00,0.04,0.04,0.10,2.20,1.90,0.08,2.17,1.90
00-0035593,Juwann Winfree,GB,2022,6,3,1,0,1,3,17,0,51,0.33,0.04,0.13,0.16,1.35,0.33,0.04,0.13,0.16,1.35,0.00,0.24,2.07,0.00
00-0035603,Kendall Blanton,LA,2022,6,3,0,1,2,2,35,0,12,2.92,0.03,0.03,0.06,2.75,2.92,0.03,0.03,0.06,2.75,1.70,0.05,4.21,1.70
00-0035631,Drew Sample,CIN,2022,6,3,0,1,2,2,-2,0,-2,1.00,0.02,0.00,0.03,0.90,1.00,0.02,0.00,0.03,0.90,0.60,0.03,3.52,0.60
00-0035639,Parris Campbell,IND,2022,6,3,1,0,11,15,112,0,84,1.33,0.08,0.07,0.17,4.44,0.89,0.08,0.07,0.17,5.17,4.20,0.18,5.36,4.20
00-0035640,DK Metcalf,SEA,2022,6,3,1,0,28,43,372,2,478,0.78,0.28,0.36,0.67,14.64,0.63,0.31,0.39,0.73,19.03,17.80,0.71,14.76,17.80
00-0035644,Noah Fant,SEA,2022,6,3,0,1,13,16,105,1,95,1.11,0.10,0.07,0.21,5.90,0.82,0.10,0.07,0.20,7.27,7.90,0.43,8.80,7.90
00-0035645,Gunner Olszewski,PIT,2022,6,3,1,0,0,0,0,0,0,0.00,0.00,0.00,0.00,0.90,0.00,0.00,0.00,0.00,0.90,0.00,0.00,2.76,0.00
00-0035659,Terry McLaurin,WAS,2022,6,3,1,0,22,37,367,1,497,0.74,0.16,0.27,0.44,11.08,0.27,0.16,0.21,0.39,8.10,8.20,0.38,13.38,8.20
00-0035662,Marquise Brown,ARI,2022,6,3,1,0,38,55,417,3,518,0.81,0.27,0.39,0.67,19.54,0.59,0.31,0.40,0.74,23.53,21.80,0.63,13.06,21.80
00-0035676,A.J. Brown,PHI,2022,6,3,1,0,28,45,436,1,473,0.92,0.30,0.43,0.75,15.52,0.45,0.26,0.40,0.67,13.40,6.20,0.58,14.73,6.20
00-0035689,Dawson Knox,BUF,2022,6,3,0,1,12,17,111,0,104,1.07,0.11,0.09,0.22,5.78,1.02,0.12,0.11,0.25,7.20,7.00,0.45,7.71,7.00
00-0035703,Miles Boykin,PIT,2022,6,3,1,0,1,2,11,0,46,0.24,0.02,0.07,0.08,1.05,0.24,0.02,0.07,0.08,1.05,2.10,0.05,4.35,2.10
00-0035719,Deebo Samuel,SF,2022,6,3,1,0,20,37,266,2,156,1.71,0.28,0.16,0.52,15.02,1.33,0.29,0.24,0.59,15.93,11.20,0.67,15.67,11.20
00-0035771,Mitchell Wilcox,CIN,2022,6,2,0,1,3,3,30,0,4,7.50,0.03,0.00,0.05,2.00,7.50,0.03,0.00,0.05,2.00,2.80,0.05,2.65,2.80
00-0035823,Ben Ellefson,MIN,2022,6,2,0,1,3,3,26,0,15,1.73,0.04,0.03,0.09,2.80,1.73,0.04,0.03,0.09,2.80,4.40,0.11,1.60,4.40
00-0035956,Giovanni Ricci,CAR,2022,6,2,0,1,5,6,58,0,27,2.15,0.07,0.04,0.13,3.60,2.15,0.07,0.04,0.13,3.60,5.70,0.15,2.16,5.70
00-0036005,Noah Togiai,PHI,2022,6,2,0,1,0,1,0,0,4,0.00,0.03,0.03,0.07,0.00,0.00,0.03,0.03,0.07,0.00,0.00,0.07,0.00,0.00
00-0036040,Juwan Johnson,NO,2022,6,2,0,1,10,19,129,0,193,0.67,0.12,0.11,0.25,4.58,0.24,0.08,0.07,0.16,2.87,2.30,0.16,3.80,2.30
00-0036133,James Proche,BAL,2022,6,2,1,0,1,2,7,0,11,0.64,0.07,0.04,0.14,1.70,0.64,0.07,0.04,0.14,1.70,1.70,0.14,3.66,1.70
00-0036145,Lawrence Cager,NYJ,2022,6,2,1,0,0,1,0,0,14,0.00,0.02,0.05,0.06,0.00,0.00,0.02,0.05,0.06,0.00,0.00,0.06,1.83,0.00
00-0036165,Isaiah Hodgins,BUF,2022,6,2,1,0,4,6,41,0,44,0.93,0.17,0.10,0.32,8.10,0.93,0.17,0.10,0.32,8.10,8.10,0.32,8.10,8.10
00-0036182,Nick Westbrook-Ikhine,TEN,2022,6,2,1,0,7,12,138,0,232,0.59,0.12,0.27,0.36,5.20,0.54,0.14,0.36,0.46,6.17,9.20,0.57,4.84,9.20
00-0036187,Reggie Gilliam,BUF,2022,6,2,0,1,4,6,39,1,54,0.72,0.06,0.08,0.15,6.95,0.72,0.06,0.08,0.15,6.95,4.20,0.14,2.77,4.20
00-0036194,Devin Asiasi,CIN,2022,6,2,0,1,0,1,0,0,24,0.00,0.03,0.07,0.10,0.00,0.00,0.03,0.07,0.10,0.00,0.00,0.10,2.38,0.00
00-0036196,Gabriel Davis,BUF,2022,6,2,1,0,11,20,309,3,334,0.93,0.13,0.27,0.38,14.97,0.66,0.12,0.24,0.35,13.70,32.10,0.50,9.98,32.10
00-0036219,Marquez Callaway,NO,2022,6,2,1,0,6,10,62,1,119,0.52,0.11,0.12,0.25,6.07,0.52,0.11,0.12,0.25,6.07,2.50,0.27,7.86,2.50
00-0036228,Dezmon Patmon,IND,2022,6,2,1,0,2,6,24,0,73,0.33,0.21,0.29,0.51,4.40,0.33,0.21,0.29,0.51,4.40,4.40,0.51,2.90,4.40
00-0036232,Harrison Bryant,CLE,2022,6,2,0,1,9,15,81,0,111,0.73,0.12,0.12,0.26,4.28,0.57,0.12,0.08,0.23,4.43,0.00,0.06,4.71,0.00
00-0036233,Donovan Peoples-Jones,CLE,2022,6,2,1,0,16,31,191,0,312,0.61,0.20,0.27,0.49,7.02,0.42,0.19,0.28,0.49,7.70,9.00,0.55,7.71,9.00
00-0036244,Colby Parkinson,SEA,2022,6,2,0,1,6,7,115,1,71,1.62,0.07,0.08,0.16,7.83,1.62,0.07,0.08,0.16,7.83,4.80,0.19,3.93,4.80
00-0036250,Tyler Davis,GB,2022,6,2,0,1,4,6,26,0,17,1.53,0.05,0.02,0.08,1.65,1.35,0.05,0.03,0.09,1.77,0.70,0.12,1.57,0.70
00-0036252,Michael Pittman,IND,2022,6,2,1,0,25,36,283,1,232,1.22,0.23,0.24,0.51,14.82,0.70,0.21,0.19,0.45,10.73,10.90,0.52,11.77,10.90
00-0036259,Jauan Jennings,SF,2022,6,2,1,0,10,17,138,0,125,1.10,0.13,0.13,0.28,4.76,0.58,0.11,0.11,0.24,4.07,6.50,0.13,5.54,6.50
00-0036261,Brandon Aiyuk,SF,2022,6,2,1,0,17,27,237,1,297,0.80,0.20,0.30,0.51,9.48,0.45,0.19,0.28,0.48,9.80,8.80,0.36,11.80,8.80
00-0036268,Laviska Shenault,CAR,2022,6,2,1,0,2,2,90,1,1,90.00,0.03,0.00,0.05,8.50,90.00,0.03,0.00,0.05,8.50,0.00,0.00,9.41,0.00
00-0036271,Quez Watkins,PHI,2022,6,2,1,0,5,8,88,1,98,0.90,0.07,0.10,0.17,4.95,0.19,0.07,0.05,0.13,1.63,4.90,0.19,6.34,4.90
00-0036277,Quintez Cephus,DET,2022,6,2,1,0,2,3,15,0,14,1.07,0.08,0.04,0.14,3.50,1.07,0.08,0.04,0.14,3.50,3.50,0.14,7.05,3.50
00-0036290,Cole Kmet,CHI,2022,6,2,0,1,10,15,116,0,85,1.36,0.14,0.08,0.26,3.60,0.89,0.15,0.05,0.26,5.20,2.50,0.22,5.66,2.50
00-0036309,Darnell Mooney,CHI,2022,6,2,1,0,17,33,241,0,471,0.51,0.30,0.46,0.77,6.85,0.45,0.33,0.55,0.88,11.47,13.80,1.05,10.59,13.80
00-0036322,Justin Jefferson,MIN,2022,6,2,1,0,40,55,547,2,450,1.22,0.29,0.39,0.72,23.18,0.70,0.29,0.33,0.66,21.91,30.32,0.90,18.96,30.32
00-0036326,Chase Claypool,PIT,2022,6,2,1,0,16,29,129,0,279,0.46,0.16,0.17,0.37,6.72,0.30,0.16,0.19,0.37,5.87,10.00,0.39,11.67,10.00
00-0036331,Devin Duvernay,BAL,2022,6,2,1,0,17,20,226,3,253,0.89,0.14,0.19,0.35,13.16,0.51,0.17,0.27,0.44,10.73,12.80,0.69,5.77,12.80
00-0036332,Josiah Deguara,GB,2022,6,2,0,1,4,5,47,0,13,3.62,0.05,0.02,0.08,2.90,3.62,0.05,0.02,0.08,2.90,3.90,0.08,4.26,3.90
00-0036345,K.J. Osborn,MIN,2022,6,2,1,0,16,21,159,1,203,0.78,0.11,0.18,0.29,7.56,0.59,0.14,0.23,0.37,9.63,9.10,0.32,8.92,9.10
00-0036358,CeeDee Lamb,DAL,2022,6,2,1,0,28,50,341,2,501,0.68,0.35,0.44,0.83,14.94,0.47,0.39,0.49,0.93,18.23,10.30,1.11,13.92,10.30
00-0036365,Bryan Edwards,ATL,2022,6,2,1,0,2,4,12,0,40,0.30,0.05,0.06,0.11,1.07,0.30,0.05,0.06,0.11,1.07,2.00,0.08,5.37,2.00
00-0036387,Jalen Reagor,MIN,2022,6,2,1,0,3,5,10,1,9,1.11,0.03,0.01,0.05,2.93,0.33,0.03,0.01,0.05,2.77,7.10,0.03,5.40,7.10
00-0036407,Jerry Jeudy,DEN,2022,6,2,1,0,14,29,236,2,355,0.66,0.18,0.25,0.44,9.94,0.35,0.20,0.27,0.49,9.10,8.30,0.52,9.43,8.30
00-0036410,Tee Higgins,CIN,2022,6,2,1,0,20,28,315,2,310,1.02,0.18,0.27,0.46,15.88,0.93,0.25,0.36,0.64,19.60,25.40,0.63,14.54,25.40
00-0036412,KJ Hamler,DEN,2022,6,2,1,0,2,4,65,0,115,0.57,0.04,0.12,0.14,2.83,0.57,0.04,0.12,0.14,2.83,2.00,0.15,6.17,2.00
00-0036422,Adam Trautman,NO,2022,6,2,0,1,6,7,78,1,63,1.24,0.08,0.07,0.16,6.60,1.24,0.08,0.07,0.16,6.60,11.20,0.32,4.90,11.20
00-0036423,Albert Okwuegbunam,DEN,2022,6,2,0,1,7,11,50,0,25,2.00,0.08,0.02,0.13,3.00,0.68,0.05,0.02,0.09,1.23,1.50,0.04,5.58,1.50
00-0036429,Charlie Woerner,SF,2022,6,2,0,1,0,1,0,0,20,0.00,0.04,0.16,0.17,0.00,0.00,0.04,0.16,0.17,0.00,0.00,0.17,1.87,0.00
00-0036438,Stephen Sullivan,CAR,2022,6,2,0,1,1,1,13,0,13,1.00,0.04,0.06,0.10,2.30,1.00,0.04,0.06,0.10,2.30,2.30,0.10,1.15,2.30
00-0036439,Tyrie Cleveland,DEN,2022,6,2,1,0,2,4,28,0,31,0.90,0.06,0.05,0.12,2.40,0.90,0.06,0.05,0.12,2.40,0.00,0.06,2.14,0.00
00-0036482,Mike Strachan,IND,2022,6,1,1,0,3,6,59,0,75,0.79,0.05,0.09,0.14,2.97,0.79,0.05,0.09,0.14,2.97,0.00,0.07,2.70,0.00
00-0036550,Rashod Bateman,BAL,2022,6,1,1,0,11,22,243,2,317,0.77,0.19,0.30,0.50,11.32,0.58,0.20,0.30,0.51,10.47,4.70,0.52,9.30,4.70
00-0036554,Nico Collins,HOU,2022,6,1,1,0,15,27,272,0,389,0.70,0.17,0.33,0.48,8.44,0.48,0.17,0.39,0.52,9.27,10.50,0.77,6.62,10.50
00-0036556,Brevin Jordan,HOU,2022,6,1,0,1,3,6,8,0,43,0.19,0.08,0.08,0.18,1.90,0.19,0.08,0.08,0.18,1.90,2.30,0.25,5.96,2.30
00-0036572,Shi Smith,CAR,2022,6,1,1,0,8,18,105,0,174,0.60,0.12,0.16,0.29,3.70,0.52,0.09,0.13,0.22,5.03,10.90,0.33,3.46,10.90
00-0036590,Quintin Morris,BUF,2022,6,1,0,1,6,9,67,0,66,1.02,0.05,0.05,0.12,2.67,0.92,0.06,0.06,0.14,3.03,4.90,0.26,2.67,4.90
00-0036613,Jaylen Waddle,MIA,2022,6,1,1,0,24,39,404,3,403,1.00,0.23,0.29,0.55,16.82,0.41,0.17,0.22,0.41,8.77,5.30,0.23,15.80,5.30
00-0036620,D'Wayne Eskridge,SEA,2022,6,1,1,0,3,5,16,0,19,0.84,0.05,0.02,0.08,1.30,0.84,0.04,0.02,0.07,1.40,0.00,0.09,2.79,0.00
00-0036626,Dyami Brown,WAS,2022,6,1,1,0,3,9,111,2,229,0.48,0.09,0.29,0.34,8.70,0.48,0.09,0.29,0.34,8.70,0.00,0.21,4.52,0.00
00-0036628,John Bates,WAS,2022,6,1,0,1,9,14,73,0,54,1.35,0.07,0.03,0.13,3.26,1.07,0.08,0.04,0.15,4.27,6.90,0.17,4.20,6.90
00-0036630,Tylan Wallace,BAL,2022,6,1,1,0,2,5,17,0,85,0.20,0.06,0.09,0.15,1.23,0.20,0.06,0.09,0.15,1.23,1.80,0.23,1.14,1.80
00-0036635,Ihmir Smith-Marsette,CHI,2022,6,1,1,0,1,4,15,0,28,0.54,0.06,0.05,0.12,0.13,0.54,0.06,0.05,0.12,0.13,-0.10,0.10,4.83,-0.10
00-0036637,Noah Gray,KC,2022,6,1,0,1,5,10,55,0,56,0.98,0.05,0.04,0.11,3.32,0.59,0.05,0.03,0.09,3.80,1.70,0.08,2.61,1.70
00-0036646,Simi Fehoko,DAL,2022,6,1,1,0,3,4,24,0,51,0.47,0.06,0.08,0.14,2.70,0.47,0.06,0.08,0.14,2.70,2.20,0.07,2.70,2.20
00-0036671,Dax Milne,WAS,2022,6,1,1,0,3,4,23,0,29,0.79,0.03,0.02,0.06,1.33,0.79,0.03,0.02,0.05,1.77,1.50,0.09,1.59,1.50
00-0036692,Miller Forristall,CLE,2022,6,1,0,1,0,1,0,0,5,0.00,0.03,0.02,0.07,0.00,0.00,0.03,0.02,0.07,0.00,0.00,0.07,0.00,0.00
00-0036741,Jack Stoll,PHI,2022,6,1,0,1,1,2,4,0,1,4.00,0.06,0.00,0.09,1.40,4.00,0.06,0.00,0.09,1.40,1.40,0.09,1.90,1.40
00-0036754,Brock Wright,DET,2022,6,1,0,1,1,1,25,0,15,1.67,0.03,0.05,0.08,3.50,1.67,0.03,0.05,0.08,3.50,3.50,0.08,4.90,3.50
00-0036849,Tutu Atwell,LA,2022,6,1,1,0,1,4,54,0,154,0.35,0.04,0.19,0.19,2.13,0.35,0.04,0.19,0.19,2.13,6.40,0.27,2.13,6.40
00-0036862,Ben Skowronek,LA,2022,6,1,1,0,18,24,181,0,190,0.95,0.13,0.15,0.29,7.22,0.74,0.13,0.12,0.28,8.67,10.10,0.36,4.54,10.10
00-0036876,Kylen Granson,IND,2022,6,1,0,1,12,18,121,0,99,1.22,0.10,0.08,0.20,4.82,0.86,0.08,0.09,0.19,5.17,2.60,0.18,3.05,2.60
00-0036877,Jaelon Darden,TB,2022,6,1,1,0,1,1,25,0,15,1.67,0.01,0.03,0.04,1.85,1.67,0.01,0.03,0.04,1.85,3.50,0.08,1.68,3.50
00-0036894,Pat Freiermuth,PIT,2022,6,1,0,1,20,32,235,1,254,0.93,0.18,0.16,0.38,9.90,0.54,0.14,0.14,0.30,8.27,3.20,0.07,9.44,3.20
00-0036900,Ja'Marr Chase,CIN,2022,6,1,1,0,32,53,343,2,450,0.76,0.28,0.35,0.67,15.30,0.36,0.28,0.39,0.69,12.27,12.00,0.83,17.39,12.00
00-0036912,DeVonta Smith,PHI,2022,6,1,1,0,28,38,353,1,353,1.00,0.25,0.32,0.60,13.86,0.77,0.29,0.41,0.73,18.10,18.70,0.68,11.60,18.70
00-0036913,Kadarius Toney,NYG,2022,6,1,1,0,2,3,0,0,-7,0.00,0.06,-0.02,0.07,2.15,0.00,0.06,-0.02,0.07,2.15,2.00,0.12,7.88,2.00
00-0036936,Rondale Moore,ARI,2022,6,1,1,0,10,13,79,0,76,1.04,0.19,0.16,0.39,8.40,1.04,0.19,0.16,0.39,8.40,13.10,0.36,8.01,13.10
00-0036955,Terrace Marshall,CAR,2022,6,1,1,0,4,4,30,0,22,1.36,0.10,0.06,0.20,7.00,1.36,0.10,0.06,0.20,7.00,7.00,0.20,3.06,7.00
00-0036959,Michael Bandy,LAC,2022,6,1,1,0,2,2,49,0,43,1.14,0.05,0.16,0.19,6.90,1.14,0.05,0.16,0.19,6.90,6.90,0.19,6.90,6.90
00-0036963,Amon-Ra St. Brown,DET,2022,6,1,1,0,27,39,271,3,219,1.24,0.28,0.18,0.55,19.73,0.95,0.26,0.17,0.51,19.50,5.80,0.35,15.31,5.80
00-0036970,Kyle Pitts,ATL,2022,6,1,0,1,10,22,150,0,346,0.43,0.23,0.33,0.58,6.25,0.38,0.24,0.34,0.60,7.03,3.50,0.52,9.60,3.50
00-0036980,Elijah Moore,NYJ,2022,6,1,1,0,16,29,203,0,436,0.47,0.14,0.27,0.40,7.18,0.26,0.17,0.31,0.47,6.50,2.10,0.53,10.88,2.10
00-0036988,Josh Palmer,LAC,2022,6,1,1,0,17,28,183,1,192,0.95,0.15,0.15,0.33,8.34,0.77,0.14,0.17,0.33,8.27,5.40,0.45,6.73,5.40
00-0036999,Anthony Schwartz,CLE,2022,6,1,1,0,1,3,19,0,30,0.63,0.05,0.06,0.11,2.45,0.63,0.05,0.06,0.11,2.45,0.00,0.07,2.74,0.00
00-0037005,Tommy Tremble,CAR,2022,6,1,0,1,5,9,42,0,59,0.71,0.07,0.07,0.15,2.30,0.69,0.08,0.08,0.18,2.70,0.00,0.05,3.46,0.00
00-0037011,Tre' McKitty,LAC,2022,6,1,0,1,4,7,28,0,16,1.75,0.07,0.02,0.12,2.27,1.75,0.07,0.02,0.12,2.27,0.00,0.09,1.92,0.00
