player_id,name,recent_team,season,week,years_exp,position_wr,position_te,season_tot_receptions,season_tot_targets,season_tot_receiving_yards,season_tot_receiving_tds,season_tot_receiving_air_yards,season_avg_racr,season_avg_tgt_share,season_avg_air_yards_share,season_avg_wopr,season_avg_fantasy_points_ppr,recent_racr,recent_tgt_share,recent_air_yards_share,recent_wopr,recent_fantasy_points_ppr,lw_fpts,lw_wopr,career_fpts,pred_fpts_rf,pred_fpts_gbm,pred_fpts,difference
00-0024243,Marcedes Lewis,GB,2022,6,16,0,1,1,1,2,1,2,1.0,0.03,0.01,0.04,7.2,1.0,0.03,0.01,0.04,7.2,7.2,0.04,5.83,8.344618355877852,5.931581255859786,7.138099805868819,-0.061900194131180974
00-0027942,A.J. Green,ARI,2022,6,11,1,0,8,18,49,0,194,0.25,0.1,0.17,0.27,3.72,0.19,0.1,0.18,0.27,3.87,5.0,0.39,14.54,13.18893379839297,13.145469874673077,13.167201836533025,9.447201836533024
00-0027944,Julio Jones,TB,2022,6,11,1,0,4,7,76,0,161,0.47,0.09,0.26,0.31,6.65,0.47,0.09,0.26,0.31,6.65,1.7,0.17,17.98,16.525321956602067,29.01905371852001,22.772187837561038,16.122187837561036
00-0027981,Kyle Rudolph,TB,2022,6,11,0,1,1,2,12,0,12,1.0,0.02,0.02,0.05,1.1,1.0,0.02,0.02,0.05,1.1,0.0,0.03,8.16,7.893443211880711,4.891356613840129,6.392399912860419,5.29239991286042
00-0028002,Randall Cobb,GB,2022,6,11,1,0,17,25,249,0,279,0.89,0.15,0.25,0.4,8.38,0.71,0.18,0.26,0.45,10.6,16.9,0.79,11.9,17.791412995447462,23.75747631088669,20.774444653167077,12.394444653167076
00-0029000,Cole Beasley,TB,2022,6,10,1,0,4,5,17,0,12,1.42,0.05,0.02,0.1,2.85,1.42,0.05,0.02,0.1,2.85,1.5,0.02,8.94,10.042468690517778,8.39739983895985,9.219934264738814,6.369934264738815
00-0029293,Marvin Jones,JAX,2022,6,10,1,0,18,30,208,1,395,0.53,0.17,0.29,0.46,8.96,0.35,0.18,0.29,0.47,10.23,17.4,0.59,11.99,16.27051570215425,18.838504310811757,17.554510006483003,8.594510006483002
00-0029664,Josh Gordon,TEN,2022,6,10,1,0,0,1,0,0,12,0.0,0.04,0.06,0.11,0.0,0.0,0.04,0.06,0.11,0.0,0.0,0.11,11.11,8.356845063025203,9.116807883896772,8.736826473460987,8.736826473460987
00-0030035,Adam Thielen,MIN,2022,6,8,1,0,25,35,248,1,300,0.83,0.19,0.26,0.46,11.16,0.53,0.22,0.26,0.51,13.33,6.7,0.43,13.26,20.093411570999034,23.650308188091163,21.8718598795451,10.711859879545099
00-0030061,Zach Ertz,ARI,2022,6,9,0,1,28,41,229,2,273,0.84,0.2,0.21,0.44,12.98,0.51,0.21,0.24,0.48,12.67,10.8,0.63,11.73,19.874796420806902,18.963619846246377,19.419208133526638,6.439208133526638
00-0030068,Marquise Goodwin,SEA,2022,6,9,1,0,4,8,53,0,94,0.56,0.08,0.13,0.21,3.1,0.56,0.08,0.13,0.21,3.1,5.1,0.29,6.31,8.285106540758958,7.527546619081216,7.906326579920087,4.806326579920087
00-0030108,Ryan Griffin,CHI,2022,6,9,0,1,2,5,19,0,48,0.4,0.07,0.07,0.15,0.97,0.4,0.05,0.04,0.1,1.3,0.0,0.07,5.25,8.291803230812079,6.467919245934481,7.37986123837328,6.4098612383732805
00-0030279,Keenan Allen,LAC,2022,6,9,1,0,4,4,66,0,52,1.27,0.12,0.22,0.33,10.6,1.27,0.12,0.22,0.33,10.6,10.6,0.33,16.25,18.933622009369103,28.93897317683402,23.93629759310156,13.33629759310156
00-0030431,Robert Woods,TEN,2022,6,9,1,0,17,28,204,1,233,0.88,0.23,0.24,0.51,8.68,0.65,0.3,0.33,0.68,11.07,7.7,0.67,12.45,16.987484643060796,20.263863762603147,18.625674202831974,9.945674202831974
00-0030506,Travis Kelce,KC,2022,6,9,0,1,33,42,347,7,321,1.08,0.23,0.24,0.51,22.36,0.55,0.24,0.2,0.5,25.2,33.5,0.42,16.24,23.288199999999996,25.58398609805765,24.436093049028823,2.076093049028824
00-0031236,Brandin Cooks,HOU,2022,6,8,1,0,24,42,235,1,343,0.69,0.26,0.29,0.59,10.7,0.29,0.22,0.22,0.49,9.63,6.0,0.51,14.16,23.08641497591786,29.408855966705715,26.24763547131179,15.54763547131179
00-0031260,Logan Thomas,WAS,2022,6,8,0,1,13,20,106,1,167,0.63,0.12,0.13,0.27,7.4,0.37,0.11,0.09,0.23,7.37,6.9,0.26,6.55,10.955560016677198,13.287092095084498,12.121326055880848,4.721326055880848
00-0031273,Cameron Brate,TB,2022,6,8,0,1,11,19,100,0,118,0.85,0.13,0.1,0.26,5.25,0.79,0.13,0.12,0.28,6.43,7.2,0.31,7.0,10.62922480276286,10.260269256158242,10.444747029460551,5.194747029460551
00-0031325,Sammy Watkins,GB,2022,6,8,1,0,6,7,111,0,72,1.54,0.12,0.21,0.32,8.55,1.54,0.12,0.21,0.32,8.55,12.3,0.59,11.01,17.03443363940093,18.93622345108888,17.985328545244904,9.435328545244904
00-0031381,Davante Adams,LV,2022,6,8,1,0,29,54,414,5,592,0.7,0.31,0.4,0.75,20.08,0.44,0.31,0.36,0.71,20.37,27.4,0.75,17.18,22.346211666666683,28.260752261112778,25.30348196388973,5.223481963889732
00-0031382,Jarvis Landry,NO,2022,6,8,1,0,15,21,168,0,226,0.74,0.15,0.14,0.33,8.45,0.24,0.11,0.08,0.22,5.13,4.7,0.12,14.03,20.86801138464854,23.851753773973865,22.359882579311204,13.909882579311205
00-0031384,Richard Rodgers,LAC,2022,6,8,0,1,0,1,0,0,1,0.0,0.03,0.0,0.05,0.0,0.0,0.03,0.0,0.05,0.0,0.0,0.05,6.28,6.467294052783343,5.920108022731974,6.193701037757658,6.193701037757658
00-0031408,Mike Evans,TB,2022,6,8,1,0,20,29,316,3,381,0.83,0.18,0.3,0.48,17.4,0.64,0.16,0.3,0.45,17.17,12.1,0.46,16.34,21.367538107673223,38.65700076367841,30.01226943567582,12.61226943567582
00-0031428,Allen Robinson,LA,2022,6,8,1,0,12,23,107,1,221,0.48,0.12,0.17,0.3,5.74,0.19,0.14,0.19,0.34,3.73,4.2,0.25,13.56,11.470028156158945,13.596448543017388,12.533238349588167,6.793238349588167
00-0031484,Chris Manhertz,JAX,2022,6,6,0,1,3,3,15,0,3,5.0,0.04,0.0,0.07,2.25,5.0,0.04,0.0,0.07,2.25,3.5,0.08,2.23,4.569799718747706,3.801596541728525,4.185698130238116,1.9356981302381158
00-0031544,Amari Cooper,CLE,2022,6,7,1,0,27,43,304,3,447,0.68,0.28,0.39,0.69,15.08,0.42,0.28,0.38,0.68,15.2,20.6,0.85,14.02,19.306335440704707,25.62842607813147,22.467380759418088,7.387380759418088
00-0031547,DeVante Parker,NE,2022,6,7,1,0,8,16,189,1,304,0.62,0.14,0.28,0.4,8.22,0.59,0.16,0.34,0.48,10.33,10.4,0.23,10.96,16.915273025224124,24.051190834503423,20.483231929863774,12.263231929863773
00-0031549,Nelson Agholor,NE,2022,6,7,1,0,14,19,225,1,259,0.87,0.14,0.2,0.35,7.7,0.34,0.11,0.2,0.31,3.9,0.0,0.12,8.61,14.398430071153365,15.346690077567663,14.872560074360514,7.172560074360514
00-0031588,Stefon Diggs,BUF,2022,6,7,1,0,39,52,508,5,532,0.95,0.26,0.34,0.63,23.96,0.45,0.22,0.28,0.53,16.27,24.2,0.64,16.08,23.675503333333328,30.726637971938015,27.20107065263567,3.2410706526356705
00-0031610,Darren Waller,LV,2022,6,7,0,1,16,24,175,1,273,0.64,0.17,0.23,0.41,9.87,0.35,0.16,0.22,0.4,9.2,5.4,0.46,11.89,17.650248631643073,18.819519509141134,18.234884070392106,8.364884070392106
00-0031690,Eric Tomlinson,DEN,2022,6,7,0,1,0,2,0,0,17,0.0,0.03,0.03,0.06,0.0,0.0,0.03,0.03,0.06,0.0,0.0,0.07,2.1,4.63932481737888,4.174980369333049,4.407152593355965,4.407152593355965
00-0031763,DeAndre Carter,LAC,2022,6,7,1,0,13,16,175,1,162,1.08,0.08,0.13,0.22,7.2,0.35,0.08,0.07,0.17,4.03,2.9,0.1,5.54,11.286602350330984,14.119963211630774,12.703282780980878,5.503282780980878
00-0031787,Jake Kumerow,BUF,2022,6,5,1,0,4,5,64,0,47,1.36,0.05,0.07,0.13,5.2,1.36,0.05,0.07,0.13,5.2,3.4,0.06,3.83,7.9837863330185375,5.140133679637471,6.561960006328004,1.3619600063280037
00-0031868,Damiere Byrd,ATL,2022,6,7,1,0,0,2,0,0,48,0.0,0.05,0.11,0.15,0.0,0.0,0.05,0.11,0.15,0.0,0.0,0.09,6.08,7.947544162792682,4.853865380420411,6.400704771606547,6.400704771606547
00-0031941,Jamison Crowder,BUF,2022,6,7,1,0,6,13,60,0,121,0.5,0.08,0.11,0.2,3.0,0.26,0.07,0.11,0.18,2.07,1.7,0.29,10.65,12.10939494230365,13.552847741296551,12.8311213418001,9.8311213418001
00-0032054,Breshad Perriman,TB,2022,6,7,1,0,6,12,89,1,201,0.44,0.12,0.24,0.35,6.07,0.44,0.12,0.24,0.35,6.07,5.4,0.32,6.64,10.287150419775642,11.35728746761173,10.822218943693686,4.752218943693686
00-0032128,Chris Conley,HOU,2022,6,7,1,0,0,2,0,0,18,0.0,0.06,0.07,0.13,0.0,0.0,0.06,0.07,0.13,0.0,0.0,0.13,6.3,7.886407698720595,5.307538945428784,6.59697332207469,6.59697332207469
00-0032134,C.J. Uzomah,NYJ,2022,6,7,0,1,3,3,17,0,10,1.7,0.04,0.01,0.08,2.35,1.7,0.04,0.01,0.08,2.35,3.2,0.16,6.2,6.450596807314847,3.7729314478969966,5.111764127605921,2.7617641276059213
00-0032141,Geoff Swaim,TEN,2022,6,7,0,1,7,8,43,1,21,2.05,0.1,0.03,0.17,5.77,2.05,0.1,0.03,0.17,5.77,1.5,0.08,4.21,11.133443634368039,6.918807441450329,9.026125537909184,3.2561255379091847
00-0032208,Phillip Dorsett,HOU,2022,6,7,1,0,1,4,15,0,36,0.42,0.04,0.05,0.09,0.83,0.42,0.04,0.05,0.09,0.83,0.0,0.13,5.93,7.464839816470243,4.798039678657428,6.131439747563835,5.301439747563835
00-0032211,Tyler Lockett,SEA,2022,6,7,1,0,32,40,406,2,527,0.77,0.26,0.39,0.67,16.92,0.51,0.26,0.37,0.64,19.7,27.4,0.69,12.78,21.770762003440165,29.329932595040777,25.55034729924047,8.63034729924047
00-0032214,Tyler Kroft,SF,2022,6,7,0,1,1,2,9,0,33,0.27,0.08,0.16,0.23,1.9,0.27,0.08,0.16,0.23,1.9,1.9,0.23,4.88,6.408355862056015,5.051704641711952,5.730030251883983,3.8300302518839833
00-0032385,Sterling Shepard,NYG,2022,6,6,1,0,13,24,154,1,225,0.68,0.28,0.42,0.72,11.47,0.68,0.28,0.42,0.72,11.47,9.9,0.79,12.34,21.51047541114737,23.185296804920245,22.34788610803381,10.877886108033808
00-0032392,Austin Hooper,TEN,2022,6,6,0,1,6,11,55,0,68,0.81,0.09,0.07,0.18,2.3,0.44,0.06,0.04,0.12,2.33,1.7,0.09,8.35,11.013819348193836,7.844261910703472,9.429040629448654,7.129040629448654
00-0032394,Nick Vannett,NO,2022,6,6,0,1,1,1,5,0,3,1.67,0.03,0.01,0.04,1.5,1.67,0.03,0.01,0.04,1.5,1.5,0.04,3.47,5.128413454868999,4.126972171754841,4.62769281331192,3.1276928133119197
00-0032398,Chris Moore,HOU,2022,6,6,1,0,8,12,108,0,70,1.54,0.09,0.07,0.18,4.7,1.1,0.09,0.07,0.18,4.23,0.0,0.1,3.95,11.095197936215662,7.41598989122069,9.255593913718176,4.555593913718176
00-0032464,Kalif Raymond,DET,2022,6,6,1,0,9,15,87,0,191,0.46,0.1,0.14,0.26,4.0,0.46,0.12,0.15,0.29,5.33,9.5,0.47,5.47,10.785609424146061,8.06345073780499,9.424530080975526,5.424530080975526
00-0032688,Robbie Anderson,CAR,2022,6,6,1,0,13,27,206,1,321,0.64,0.18,0.3,0.47,7.52,0.22,0.14,0.3,0.42,4.07,4.2,0.35,10.55,17.26171027361686,23.52418078338786,20.39294552850236,12.87294552850236
00-0032725,Stephen Anderson,ARI,2022,6,6,0,1,1,1,2,0,2,1.0,0.02,0.01,0.04,1.2,1.0,0.02,0.01,0.04,1.2,1.2,0.04,3.74,5.301905550155866,4.238702376778771,4.7703039634673186,3.5703039634673184
00-0032765,Michael Thomas,NO,2022,6,6,1,0,16,22,171,3,237,0.72,0.2,0.18,0.43,17.03,0.72,0.2,0.18,0.43,17.03,9.9,0.25,18.29,25.49964900284899,36.964027215289576,31.231838109069283,14.201838109069282
00-0032775,Demarcus Robinson,BAL,2022,6,6,1,0,6,12,49,1,120,0.41,0.09,0.09,0.19,3.38,0.15,0.07,0.09,0.17,1.6,1.8,0.2,5.53,9.620863817785354,7.698877860397129,8.65987083909124,5.279870839091241
00-0032980,Marcus Johnson,NYG,2022,6,6,1,0,3,3,35,0,22,1.59,0.12,0.16,0.29,6.5,1.59,0.12,0.16,0.29,6.5,6.5,0.29,4.62,9.597089091981102,7.780395479141793,8.688742285561448,2.188742285561448
00-0033009,Tyler Boyd,CIN,2022,6,6,1,0,15,23,234,2,226,1.04,0.12,0.18,0.31,10.66,0.81,0.14,0.17,0.33,11.44,6.2,0.21,11.32,16.73974042471064,21.292965927214926,19.016353175962784,8.356353175962784
00-0033040,Tyreek Hill,MIA,2022,6,6,1,0,38,50,524,2,485,1.08,0.3,0.34,0.69,20.84,0.49,0.28,0.3,0.64,14.73,13.0,0.43,17.92,24.286912500000014,33.107295549578424,28.69710402478922,7.857104024789219
00-0033090,Hunter Henry,NE,2022,6,6,0,1,9,14,95,0,117,0.81,0.1,0.09,0.22,3.7,0.64,0.14,0.11,0.28,4.83,9.4,0.49,9.99,14.14050437661948,14.993249288052406,14.566876832335943,10.866876832335944
00-0033110,Tyler Higbee,LA,2022,6,6,0,1,33,48,290,0,165,1.76,0.25,0.13,0.47,12.4,1.09,0.24,0.11,0.44,13.0,11.6,0.43,7.22,15.80291302128287,21.614357617605908,18.70863531944439,6.30863531944439
00-0033114,Mike Thomas,CIN,2022,6,6,1,0,2,8,38,0,101,0.38,0.09,0.21,0.29,3.9,0.38,0.09,0.21,0.29,3.9,4.3,0.36,2.28,4.647613452437562,5.599643734542211,5.123628593489887,1.2236285934898867
00-0033217,Mo Alie-Cox,IND,2022,6,5,0,1,11,15,136,2,70,1.94,0.08,0.06,0.16,7.32,1.44,0.09,0.06,0.18,10.03,1.7,0.05,4.61,12.45459114962148,12.595570937784624,12.525081043703052,5.205081043703052
00-0033246,Johnny Mundt,MIN,2022,6,5,0,1,9,11,74,0,17,4.35,0.06,0.01,0.1,3.28,1.71,0.05,0.0,0.06,2.3,2.6,0.06,2.55,6.693118787194922,7.709623476059715,7.201371131627319,3.921371131627319
00-0033251,Zach Pascal,PHI,2022,6,5,1,0,6,7,39,0,37,1.05,0.06,0.04,0.12,2.48,0.86,0.07,0.04,0.13,2.73,0.0,0.16,7.29,9.951084668893742,8.729867602675133,9.340476135784439,6.860476135784438
00-0033282,Curtis Samuel,WAS,2022,6,5,1,0,34,50,287,2,256,1.12,0.22,0.14,0.43,12.97,0.41,0.2,0.19,0.44,7.53,2.6,0.54,10.37,19.987179304807704,19.79750226111037,19.89234078295904,6.922340782959038
00-0033288,George Kittle,SF,2022,6,5,0,1,11,15,99,0,68,1.46,0.18,0.11,0.35,6.3,1.46,0.18,0.11,0.35,6.3,7.7,0.4,12.74,20.20587879814403,17.366733070332995,18.786305934238513,12.486305934238512
00-0033307,Kendrick Bourne,NE,2022,6,5,1,0,10,13,139,0,166,0.84,0.09,0.13,0.23,5.06,0.49,0.12,0.14,0.28,5.53,1.0,0.07,7.79,12.971303024556075,14.320633087219843,13.645968055887959,8.58596805588796
00-0033357,Taysom Hill,NO,2022,6,5,0,1,1,1,2,0,2,1.0,0.01,0.0,0.01,14.72,0.0,0.0,0.0,0.0,14.53,34.08,0.0,7.7,14.083653717001955,17.632194790284323,15.857924253643139,1.1379242536431384
00-0033386,Cody Hollister,TEN,2022,6,5,1,0,1,1,22,0,22,1.0,0.03,0.08,0.1,3.2,1.0,0.03,0.08,0.1,3.2,3.2,0.1,2.67,6.5807421870137945,4.047465569571021,5.314103878292408,2.1141038782924078
00-0033439,Pharaoh Brown,HOU,2022,6,5,0,1,7,10,72,0,60,1.2,0.1,0.08,0.2,4.73,1.2,0.1,0.08,0.2,4.73,6.1,0.27,3.82,10.013832765994321,7.154402813083504,8.584117789538912,3.854117789538911
00-0033455,Anthony Firkser,ATL,2022,6,4,0,1,3,4,39,0,33,1.18,0.05,0.04,0.11,2.3,1.18,0.05,0.04,0.11,2.3,2.1,0.1,5.05,8.166680009523851,6.204809941805713,7.185744975664782,4.885744975664783
00-0033466,Isaiah McKenzie,BUF,2022,6,5,1,0,15,21,153,3,139,1.1,0.13,0.13,0.28,12.23,0.96,0.14,0.13,0.3,13.0,12.1,0.35,5.98,12.886829363419695,20.843042036189924,16.86493569980481,4.63493569980481
00-0033536,Mike Williams,LAC,2022,6,5,1,0,28,44,392,2,496,0.79,0.23,0.39,0.62,15.84,0.54,0.27,0.43,0.71,16.97,23.4,1.05,11.19,16.894365503653074,27.957412916885893,22.42588921026948,6.585889210269482
00-0033555,Mack Hollins,LV,2022,6,5,1,0,17,29,273,1,397,0.69,0.17,0.27,0.44,10.09,0.48,0.2,0.35,0.55,12.09,0.0,0.47,4.53,12.642349864637952,16.321169423154874,14.481759643896414,4.391759643896414
00-0033572,Jamal Agnew,JAX,2022,6,5,1,0,6,10,73,2,115,0.63,0.06,0.08,0.15,5.26,0.58,0.08,0.1,0.18,8.0,0.3,0.04,4.52,10.39335774404725,5.66238774338907,8.02787274371816,2.7678727437181596
00-0033576,Eric Saubert,DEN,2022,6,5,0,1,7,13,83,1,139,0.6,0.08,0.1,0.19,4.26,0.44,0.11,0.11,0.24,4.03,8.6,0.34,2.54,6.295693676340002,8.557567559500365,7.426630617920184,3.166630617920184
00-0033591,Noah Brown,DAL,2022,6,5,1,0,19,29,279,1,295,0.95,0.2,0.26,0.49,10.58,0.41,0.21,0.22,0.47,7.0,1.5,0.25,3.75,11.271840476190489,10.740639212230374,11.00623984421043,0.42623984421043026
00-0033633,Tanner Gentry,BUF,2022,6,5,1,0,0,1,0,0,7,0.0,0.03,0.02,0.05,0.0,0.0,0.03,0.02,0.05,0.0,0.0,0.05,1.3,1.8738676704014943,2.7425100709174184,2.3081888706594564,2.3081888706594564
00-0033681,Keelan Cole,LV,2022,6,5,1,0,1,4,12,0,67,0.18,0.1,0.18,0.27,2.2,0.18,0.1,0.18,0.27,2.2,2.2,0.27,7.41,12.314652321103253,9.269208971590071,10.791930646346662,8.591930646346661
00-0033757,Robert Tonyan,GB,2022,6,5,0,1,17,20,129,1,47,2.74,0.12,0.04,0.21,7.18,1.74,0.12,0.03,0.21,8.73,6.3,0.14,7.47,14.919233900515888,15.303573694130842,15.111403797323366,7.931403797323366
00-0033798,Mason Schreck,HOU,2022,6,5,0,1,2,2,6,0,6,1.0,0.03,0.02,0.06,1.3,1.0,0.03,0.02,0.06,1.3,1.6,0.08,0.87,0.21400000000000005,1.468077746639442,0.8410388733197209,-0.4589611266802791
00-0033857,JuJu Smith-Schuster,KC,2022,6,5,1,0,22,35,257,0,299,0.86,0.19,0.22,0.44,9.14,0.56,0.22,0.26,0.51,9.93,6.3,0.44,13.92,19.639370155335538,25.28974638239371,22.46455826886462,13.324558268864621
00-0033858,Jonnu Smith,NE,2022,6,5,0,1,7,11,58,0,47,1.23,0.11,0.05,0.21,4.27,1.23,0.11,0.05,0.21,4.27,6.5,0.19,5.98,9.802501328292909,8.15366538135138,8.978083354822145,4.708083354822145
00-0033871,Corey Davis,NYJ,2022,6,5,1,0,17,29,299,2,440,0.68,0.14,0.27,0.4,11.78,0.32,0.15,0.2,0.36,9.63,5.8,0.45,10.17,17.44568707538196,16.464963985392448,16.955325530387206,5.175325530387207
00-0033879,O.J. Howard,HOU,2022,6,5,0,1,5,10,72,2,147,0.49,0.06,0.12,0.18,4.84,0.18,0.08,0.17,0.24,1.57,0.0,0.1,7.34,12.260292538276223,9.05025328357359,10.655272910924907,5.815272910924907
00-0033881,Evan Engram,JAX,2022,6,5,0,1,19,26,168,0,202,0.83,0.15,0.15,0.33,7.56,0.47,0.13,0.19,0.33,6.47,12.9,0.53,9.87,17.292692195465452,19.900423396294237,18.596557795879846,11.036557795879848
00-0033885,David Njoku,CLE,2022,6,5,0,1,24,29,289,1,155,1.86,0.19,0.14,0.38,11.26,1.61,0.23,0.18,0.48,16.13,14.8,0.39,7.19,14.5664777332616,19.513068943569504,17.03977333841555,5.77977333841555
00-0033891,Zay Jones,JAX,2022,6,5,1,0,22,32,185,1,212,0.87,0.21,0.18,0.45,11.63,0.57,0.21,0.16,0.42,11.33,4.2,0.38,6.51,15.097770124436293,19.072024189845305,17.084897157140798,5.454897157140797
00-0033895,Gerald Everett,LAC,2022,6,5,0,1,17,29,213,2,225,0.95,0.15,0.18,0.35,10.06,0.39,0.14,0.2,0.34,7.6,1.2,0.23,6.14,12.559441103189561,17.66446787432742,15.111954488758492,5.051954488758492
00-0033908,Cooper Kupp,LA,2022,6,5,1,0,49,64,527,4,492,1.07,0.34,0.38,0.77,26.42,0.59,0.3,0.33,0.69,22.83,25.9,0.52,18.45,24.847600000000003,35.15447469371915,30.001037346859576,3.581037346859574
00-0033921,Chris Godwin,TB,2022,6,5,1,0,16,19,155,0,95,1.63,0.15,0.1,0.29,10.57,1.63,0.15,0.1,0.29,10.57,12.3,0.26,13.65,21.755494666685546,26.82394042580825,24.289717546246898,13.719717546246898
00-0033932,Kenny Golladay,NYG,2022,6,5,1,0,2,6,22,0,54,0.41,0.09,0.11,0.21,1.4,0.41,0.09,0.11,0.21,1.4,0.0,0.17,11.07,14.756188591047895,17.71648239193665,16.236335491492273,14.836335491492273
00-0033943,Josh Reynolds,DET,2022,6,5,1,0,23,34,335,2,436,0.77,0.19,0.27,0.48,13.7,0.62,0.26,0.36,0.65,17.3,15.2,0.78,7.1,15.350066714805783,23.936619272851594,19.64334299382869,5.94334299382869
00-0034011,Dan Arnold,JAX,2022,6,5,0,1,3,4,54,0,23,2.35,0.04,0.03,0.08,2.8,2.35,0.04,0.03,0.08,2.8,3.0,0.1,6.17,7.331237600037265,5.188702099322093,6.259969849679679,3.4599698496796796
00-0034054,River Cracraft,MIA,2022,6,5,1,0,2,5,13,2,43,0.3,0.04,0.04,0.08,3.83,0.26,0.03,0.05,0.09,2.7,0.0,0.08,3.85,8.742948167804492,4.33095171357376,6.5369499406891265,2.7069499406891264
00-0034073,Ross Dwelley,SF,2022,6,4,0,1,2,4,49,1,34,1.44,0.05,0.07,0.13,4.3,1.44,0.05,0.07,0.13,4.3,0.0,0.08,4.88,8.348124015728109,5.354835751404196,6.851479883566153,2.551479883566153
00-0034104,Cam Sims,WAS,2022,6,4,1,0,2,7,13,0,139,0.09,0.05,0.12,0.15,0.83,0.09,0.06,0.12,0.17,1.1,1.6,0.2,5.73,7.7810009029490415,7.639660363318606,7.7103306331338235,6.880330633133823
00-0034159,Will Dissly,SEA,2022,6,4,0,1,14,15,137,3,73,1.88,0.1,0.05,0.18,9.14,1.29,0.1,0.06,0.2,10.13,4.1,0.22,6.37,11.17741881665137,17.86556930069034,14.521494058670854,5.381494058670853
00-0034270,Tyler Conklin,NYJ,2022,6,4,0,1,21,30,192,1,130,1.48,0.15,0.08,0.28,9.24,1.05,0.14,0.1,0.28,8.2,0.0,0.21,6.42,12.197619567795037,14.727597704965625,13.462608636380331,4.222608636380331
00-0034272,Marquez Valdes-Scantling,KC,2022,6,4,1,0,19,31,258,0,336,0.77,0.17,0.25,0.43,8.9,0.6,0.18,0.3,0.48,11.03,15.0,0.5,7.85,14.180458282750486,19.290472321164987,16.73546530195774,7.835465301957738
00-0034279,Equanimeous St. Brown,CHI,2022,6,4,1,0,7,14,112,1,154,0.73,0.13,0.15,0.29,4.43,0.23,0.07,0.07,0.16,1.53,0.1,0.0,3.58,8.464337897593033,6.175274171281214,7.319806034437123,2.8898060344371235
00-0034286,Richie James,NYG,2022,6,4,1,0,17,22,171,0,198,0.86,0.17,0.24,0.43,6.94,0.31,0.14,0.17,0.32,4.5,3.6,0.18,6.37,11.468547671521003,17.308757942337206,14.388652806929105,7.448652806929105
00-0034297,Byron Pringle,CHI,2022,6,4,1,0,2,3,33,0,58,0.57,0.09,0.19,0.27,2.65,0.57,0.09,0.19,0.27,2.65,2.1,0.13,7.17,11.62580860561805,9.55883415931541,10.592321382466729,7.942321382466728
00-0034317,Keith Kirkwood,NO,2022,6,4,1,0,1,1,4,0,2,2.0,0.04,0.01,0.07,1.4,2.0,0.04,0.01,0.07,1.4,1.4,0.07,4.85,8.435731869501335,5.008968601338869,6.722350235420102,5.322350235420101
00-0034348,Courtland Sutton,DEN,2022,6,4,1,0,29,46,417,1,568,0.73,0.28,0.4,0.7,15.44,0.39,0.29,0.35,0.69,15.43,12.4,0.71,10.83,19.184871455384602,19.61638604324455,19.400628749314578,3.960628749314578
00-0034351,Dallas Goedert,PHI,2022,6,4,0,1,24,29,335,1,100,3.35,0.19,0.09,0.35,12.7,1.93,0.21,0.07,0.36,13.77,17.5,0.61,9.83,19.91101766804178,22.626241854320167,21.268629761180975,8.568629761180976
00-0034364,Jordan Akins,HOU,2022,6,4,0,1,7,8,86,1,44,1.95,0.09,0.07,0.18,7.2,1.95,0.09,0.07,0.18,7.2,4.2,0.19,4.81,9.623137166695951,7.344471351520543,8.483804259108247,1.2838042591082468
00-0034365,Ian Thomas,CAR,2022,6,4,0,1,8,14,93,0,72,1.29,0.09,0.07,0.18,3.46,0.38,0.08,0.01,0.13,2.57,2.8,0.07,4.15,8.612348508761631,5.5262798798876815,7.069314194324656,3.6093141943246563
00-0034383,Dalton Schultz,DAL,2022,6,4,0,1,9,17,80,0,88,0.91,0.15,0.1,0.3,3.75,0.2,0.11,0.05,0.2,0.6,0.0,0.12,8.63,13.677730436001402,14.032760873237372,13.855245654619388,10.105245654619388
00-0034386,Justin Watson,KC,2022,6,4,1,0,3,6,60,1,92,0.65,0.03,0.07,0.1,3.0,0.11,0.03,0.06,0.08,0.67,2.0,0.05,4.46,9.295494204825115,6.07299131800983,7.684242761417472,4.684242761417472
00-0034407,Ray-Ray McCloud,SF,2022,6,4,1,0,4,8,53,0,88,0.6,0.08,0.12,0.2,2.32,0.38,0.08,0.1,0.19,2.1,1.6,0.34,3.37,7.349616966333431,5.574756358709142,6.462186662521287,4.142186662521286
00-0034411,Russell Gage,TB,2022,6,4,1,0,23,31,172,1,151,1.14,0.15,0.1,0.3,9.24,0.87,0.16,0.15,0.35,11.7,6.0,0.27,9.5,15.952940591220147,21.502258751201243,18.727599671210694,9.487599671210694
00-0034418,Cedrick Wilson,MIA,2022,6,4,1,0,4,7,40,0,89,0.45,0.06,0.11,0.17,2.93,0.45,0.06,0.11,0.17,2.93,4.0,0.39,7.39,11.576314366296883,11.038954494763894,11.307634430530388,8.377634430530389
00-0034419,Braxton Berrios,NYJ,2022,6,4,1,0,7,9,42,0,38,1.11,0.04,0.02,0.08,4.96,0.13,0.03,0.03,0.06,4.63,8.4,0.06,6.68,9.521519649122807,9.279170286458548,9.400344967790677,4.4403449677906766
00-0034487,Trent Sherfield,MIA,2022,6,4,1,0,9,13,82,0,145,0.57,0.08,0.1,0.19,3.44,0.45,0.1,0.16,0.26,4.17,1.5,0.19,3.51,9.043296177628129,6.132745798588964,7.588020988108546,4.148020988108547
00-0034521,Allen Lazard,GB,2022,6,4,1,0,16,25,209,3,330,0.63,0.19,0.37,0.54,13.73,0.59,0.21,0.39,0.59,15.2,13.5,0.54,9.72,19.220249228050047,23.845914733537544,21.533081980793796,7.803081980793795
00-0034613,Tanner Hudson,NYG,2022,6,4,0,1,3,5,40,0,52,0.77,0.11,0.15,0.26,3.5,0.77,0.11,0.15,0.26,3.5,2.8,0.31,1.7,2.4954022413974535,1.94029731173433,2.2178497765658918,-1.2821502234341082
00-0034646,Brandon Powell,LA,2022,6,4,1,0,5,5,43,0,0,43.0,0.03,0.0,0.04,1.64,27.0,0.03,-0.01,0.03,2.3,0.1,0.0,3.4,7.269604556647763,3.213133489063541,5.241369022855652,3.6013690228556525
00-0034753,Mark Andrews,BAL,2022,6,4,0,1,32,46,349,4,478,0.73,0.33,0.37,0.75,18.24,0.4,0.34,0.4,0.79,18.43,22.9,0.73,12.76,17.569908382093246,26.8005749136644,22.185241647878822,3.9452416478788237
00-0034764,Michael Gallup,DAL,2022,6,4,1,0,6,8,68,1,70,0.97,0.19,0.2,0.43,9.4,0.97,0.19,0.2,0.43,9.4,8.4,0.71,10.72,17.788489179336405,18.61960183524941,18.204045507292907,8.804045507292907
00-0034765,Tre'Quan Smith,NO,2022,6,4,1,0,6,11,133,0,194,0.69,0.12,0.2,0.32,6.43,0.69,0.12,0.2,0.32,6.43,2.0,0.4,7.75,12.379101123237119,13.872362903801793,13.125732013519457,6.695732013519457
00-0034775,Christian Kirk,JAX,2022,6,4,1,0,21,39,338,3,371,0.91,0.23,0.27,0.53,14.62,0.39,0.2,0.25,0.48,9.87,2.1,0.21,11.77,21.927557791878648,20.384647083346,21.156102437612326,6.5361024376123265
00-0034777,D.J. Chark,DET,2022,6,4,1,0,7,18,98,1,328,0.3,0.17,0.34,0.49,7.6,0.3,0.17,0.34,0.49,7.6,7.6,0.48,10.59,17.486422607259314,15.243437891670272,16.36493024946479,8.764930249464792
00-0034798,Durham Smythe,MIA,2022,6,4,0,1,6,7,50,0,30,1.67,0.05,0.03,0.1,4.28,1.2,0.05,0.02,0.09,4.9,7.9,0.07,3.7,7.456228577754286,7.658035250759044,7.557131914256665,3.277131914256665
00-0034827,D.J. Moore,CAR,2022,6,4,1,0,17,37,197,1,381,0.52,0.24,0.35,0.61,9.32,0.29,0.25,0.37,0.64,8.43,10.7,0.59,13.02,19.631187932367396,21.102310094131706,20.366749013249553,11.046749013249553
00-0034829,Mike Gesicki,MIA,2022,6,4,0,1,9,12,101,1,99,1.02,0.07,0.07,0.16,5.02,0.6,0.08,0.09,0.18,3.3,4.0,0.19,7.96,12.876539827470085,11.068776448985657,11.972658138227871,6.952658138227871
00-0034830,Hayden Hurst,CIN,2022,6,4,0,1,20,28,157,2,109,1.44,0.15,0.09,0.28,9.54,0.8,0.13,0.07,0.24,10.23,17.3,0.53,6.47,12.785410004460282,15.53025244979304,14.15783122712666,4.617831227126661
00-0034854,KhaDarel Hodge,ATL,2022,6,4,1,0,8,12,128,0,119,1.08,0.12,0.13,0.27,5.7,0.76,0.13,0.14,0.3,5.33,8.3,0.43,3.15,8.623753727961274,9.192679358755116,8.908216543358195,3.208216543358195
00-0034860,Dante Pettis,CHI,2022,6,4,1,0,5,13,135,2,171,0.79,0.15,0.22,0.39,7.63,0.49,0.18,0.25,0.44,6.13,18.4,0.67,7.83,13.73533096502439,10.013054767680659,11.874192866352525,4.244192866352525
00-0034959,Andrew Beck,DEN,2022,6,3,0,1,2,4,52,0,48,1.08,0.04,0.05,0.09,2.37,1.08,0.04,0.05,0.09,2.37,0.0,0.09,2.64,6.3341080024692635,3.4636131485154236,4.8988605754923435,2.5288605754923434
00-0034960,Jakobi Meyers,NE,2022,6,3,1,0,20,27,261,1,306,0.85,0.32,0.39,0.75,17.6,0.85,0.32,0.39,0.75,17.6,24.1,0.96,10.55,18.33366566387115,21.399773694326793,19.86671967909897,2.266719679098969
00-0034970,Irv Smith Jr.,MIN,2022,6,3,0,1,14,25,133,1,143,0.93,0.13,0.13,0.29,6.66,0.68,0.14,0.1,0.28,6.23,8.2,0.28,6.81,11.110138600617304,13.82092892363427,12.465533762125787,5.805533762125787
00-0034981,Foster Moreau,LV,2022,6,3,0,1,6,8,74,0,50,1.48,0.1,0.08,0.21,6.7,1.48,0.1,0.08,0.21,6.7,7.4,0.22,6.06,9.162639214956641,8.550059649044089,8.856349432000364,2.156349432000364
00-0034983,Hunter Renfrow,LV,2022,6,3,1,0,14,20,105,0,72,1.46,0.2,0.08,0.36,7.5,1.46,0.2,0.08,0.36,7.5,6.5,0.27,11.21,18.632656954103037,20.964710431306912,19.798683692704977,12.298683692704977
00-0035021,Ashton Dulin,IND,2022,6,3,1,0,12,18,168,0,215,0.78,0.1,0.18,0.27,5.82,0.2,0.05,0.06,0.11,2.77,2.8,0.09,3.13,6.797690801198716,12.280849385682169,9.539270093440443,3.719270093440443
00-0035022,Penny Hart,SEA,2022,6,3,1,0,1,1,15,0,7,2.14,0.02,0.02,0.05,2.5,2.14,0.02,0.02,0.05,2.5,2.5,0.05,1.69,1.8455333283130193,1.5893274547990917,1.7174303915560554,-0.7825696084439446
00-0035140,Mecole Hardman,KC,2022,6,3,1,0,12,17,144,1,187,0.77,0.09,0.14,0.24,6.54,0.42,0.06,0.07,0.14,4.87,12.0,0.33,7.99,11.303078349363421,11.009166689355615,11.156122519359517,4.616122519359517
00-0035208,Olamide Zaccheaus,ATL,2022,6,3,1,0,12,14,213,2,177,1.2,0.12,0.14,0.28,8.66,0.81,0.13,0.16,0.31,8.77,11.9,0.38,6.45,10.465560157736427,17.363725717390416,13.914642937563421,5.254642937563421
00-0035215,Deonte Harty,NO,2022,6,3,1,0,2,2,13,0,5,2.6,0.03,0.01,0.05,1.65,2.6,0.03,0.01,0.05,1.65,1.9,0.05,5.93,7.873057833416778,5.905263738211438,6.8891607858141075,5.239160785814107
00-0035216,Diontae Johnson,PIT,2022,6,3,1,0,28,50,267,0,562,0.48,0.28,0.35,0.67,11.56,0.28,0.26,0.31,0.61,10.53,11.0,0.68,14.04,21.95092212284053,28.728324626513746,25.33962337467714,13.779623374677138
00-0035222,Zach Gentry,PIT,2022,6,3,0,1,8,9,85,0,18,4.72,0.08,0.02,0.13,5.5,4.72,0.08,0.02,0.13,5.5,9.3,0.22,4.06,8.670949815797806,6.463912441251003,7.5674311285244045,2.0674311285244045
00-0035229,T.J. Hockenson,DET,2022,6,3,0,1,19,34,267,3,266,1.0,0.19,0.16,0.4,13.14,0.76,0.19,0.17,0.4,17.43,1.6,0.31,10.38,20.20292359419024,20.781894572781248,20.492409083485743,7.3524090834857425
00-0035249,Josh Oliver,BAL,2022,6,3,0,1,2,3,8,1,-7,-1.14,0.06,-0.01,0.07,4.4,-1.14,0.06,-0.01,0.07,4.4,0.0,0.04,1.93,3.064592010293733,3.6695079666970725,3.3670499884954026,-1.0329500115045978
00-0035259,Trevon Wesco,CHI,2022,6,3,0,1,1,2,23,0,15,1.53,0.1,0.08,0.2,3.3,1.53,0.1,0.08,0.2,3.3,3.3,0.2,1.82,2.38660396470556,2.2741681019667674,2.330386033336164,-0.9696139666638359
00-0035298,Scott Miller,TB,2022,6,3,1,0,8,20,73,0,307,0.24,0.16,0.35,0.49,5.37,0.24,0.16,0.35,0.49,5.37,7.5,0.47,5.6,11.098551065110007,13.368266780011288,12.233408922560647,6.863408922560647
00-0035329,Donald Parham,LAC,2022,6,3,0,1,0,1,0,0,9,0.0,0.03,0.05,0.08,0.0,0.0,0.03,0.05,0.08,0.0,0.0,0.08,4.47,7.813846615887289,4.989266976326385,6.401556796106837,6.401556796106837
00-0035345,Chris Myarick,NYG,2022,6,3,0,1,3,3,11,1,3,3.67,0.04,0.01,0.06,3.37,3.67,0.04,0.01,0.06,3.37,1.4,0.05,2.97,5.787395529287548,3.727992871540848,4.757694200414198,1.3876942004141979
00-0035359,David Sills,NYG,2022,6,3,1,0,8,12,74,0,92,0.8,0.11,0.13,0.26,3.85,0.4,0.11,0.13,0.25,2.9,3.2,0.13,2.39,5.208555505486683,3.6417031791161905,4.425129342301437,0.575129342301437
00-0035399,Stanley Morgan,CIN,2022,6,3,1,0,0,1,0,0,0,0.0,0.03,0.0,0.04,0.0,0.0,0.03,0.0,0.04,0.0,0.0,0.04,0.91,2.653675052928147,2.5768594187545966,2.6152672358413716,2.6152672358413716
00-0035406,Lil'Jordan Humphrey,NE,2022,6,3,1,0,2,4,20,0,27,0.74,0.05,0.03,0.09,1.33,0.74,0.05,0.03,0.09,1.33,1.9,0.06,4.99,7.373546448931977,5.901427373642605,6.637486911287291,5.307486911287291
00-0035414,Jalen Guyton,LAC,2022,6,3,1,0,2,4,64,0,115,0.56,0.05,0.2,0.22,4.2,0.56,0.05,0.2,0.22,4.2,8.4,0.28,5.79,10.655140551814755,7.605531459962018,9.130336005888386,4.930336005888386
00-0035500,Greg Dortch,ARI,2022,6,3,1,0,21,24,204,1,127,1.61,0.14,0.12,0.3,11.85,1.11,0.11,0.09,0.23,11.37,1.6,0.07,9.05,16.305280888806113,21.766195434253145,19.03573816152963,7.185738161529629
00-0035510,Jeff Smith,NYJ,2022,6,3,1,0,2,3,28,0,36,0.78,0.03,0.04,0.07,1.6,0.78,0.03,0.04,0.07,1.6,2.1,0.08,3.0,5.85491422555156,4.141096065075805,4.998005145313682,3.398005145313682
00-0035527,Andy Isabella,ARI,2022,6,3,1,0,2,5,21,0,70,0.3,0.05,0.12,0.16,2.05,0.3,0.05,0.12,0.16,2.05,2.1,0.14,4.2,6.534005379066757,5.6607012371678405,6.097353308117299,4.047353308117299
00-0035535,Darius Slayton,NYG,2022,6,3,1,0,7,9,90,0,136,0.66,0.22,0.48,0.66,8.0,0.66,0.22,0.48,0.66,8.0,13.9,0.78,8.79,20.917101475132657,26.455533752558324,23.68631761384549,15.686317613845489
00-0035544,Tom Kennedy,DET,2022,6,3,1,0,3,5,54,0,73,0.74,0.13,0.19,0.32,8.4,0.74,0.13,0.19,0.32,8.4,8.4,0.32,3.83,11.754472072967198,11.844356103447618,11.799414088207408,3.3994140882074078
00-0035547,Jody Fortson,KC,2022,6,3,0,1,2,3,11,2,9,1.22,0.03,0.01,0.05,5.03,1.22,0.03,0.01,0.05,5.03,8.0,0.06,5.26,8.128886319896491,5.017955769953775,6.573421044925134,1.5434210449251333
00-0035562,Jesper Horsted,LV,2022,6,3,0,1,3,3,19,0,13,1.46,0.11,0.04,0.2,4.9,1.46,0.11,0.04,0.2,4.9,4.9,0.2,4.86,8.736433223870378,6.773003467210748,7.754718345540564,2.8547183455405634
00-0035572,Parker Hesse,ATL,2022,6,3,0,1,4,5,41,0,36,1.14,0.05,0.04,0.1,2.03,1.0,0.04,0.04,0.1,2.2,1.9,0.08,2.17,4.41801060490584,2.324390520373234,3.3712005626395367,1.341200562639537
00-0035593,Juwann Winfree,GB,2022,6,3,1,0,1,3,17,0,51,0.33,0.04,0.13,0.16,1.35,0.33,0.04,0.13,0.16,1.35,0.0,0.24,2.07,6.285253970741898,4.427657404405758,5.356455687573828,4.006455687573828
00-0035603,Kendall Blanton,LA,2022,6,3,0,1,2,2,35,0,12,2.92,0.03,0.03,0.06,2.75,2.92,0.03,0.03,0.06,2.75,1.7,0.05,4.21,6.089760031326554,5.701097062433818,5.895428546880186,3.1454285468801864
00-0035631,Drew Sample,CIN,2022,6,3,0,1,2,2,-2,0,-2,1.0,0.02,0.0,0.03,0.9,1.0,0.02,0.0,0.03,0.9,0.6,0.03,3.52,8.375793508953723,4.136655966762756,6.25622473785824,5.3562247378582395
00-0035639,Parris Campbell,IND,2022,6,3,1,0,11,15,112,0,84,1.33,0.08,0.07,0.17,4.44,0.89,0.08,0.07,0.17,5.17,4.2,0.18,5.36,9.901636148240819,12.150182176382833,11.025909162311827,6.585909162311826
00-0035640,DK Metcalf,SEA,2022,6,3,1,0,28,43,372,2,478,0.78,0.28,0.36,0.67,14.64,0.63,0.31,0.39,0.73,19.03,17.8,0.71,14.76,19.85034998447206,26.82341014398548,23.336880064228772,8.696880064228772
00-0035644,Noah Fant,SEA,2022,6,3,0,1,13,16,105,1,95,1.11,0.1,0.07,0.21,5.9,0.82,0.1,0.07,0.2,7.27,7.9,0.43,8.8,14.943175478867651,15.013949826448991,14.978562652658322,9.078562652658322
00-0035645,Gunner Olszewski,PIT,2022,6,3,1,0,0,0,0,0,0,0.0,0.0,0.0,0.0,0.9,0.0,0.0,0.0,0.0,0.9,0.0,0.0,2.76,7.760670579638536,4.941053276730039,6.350861928184287,5.4508619281842865
00-0035659,Terry McLaurin,WAS,2022,6,3,1,0,22,37,367,1,497,0.74,0.16,0.27,0.44,11.08,0.27,0.16,0.21,0.39,8.1,8.2,0.38,13.38,20.81693103920049,23.55077839164964,22.183854715425063,11.103854715425063
00-0035662,Marquise Brown,ARI,2022,6,3,1,0,38,55,417,3,518,0.81,0.27,0.39,0.67,19.54,0.59,0.31,0.4,0.74,23.53,21.8,0.63,13.06,21.115034848484843,31.14931329533512,26.13217407190998,6.59217407190998
00-0035676,A.J. Brown,PHI,2022,6,3,1,0,28,45,436,1,473,0.92,0.3,0.43,0.75,15.52,0.45,0.26,0.4,0.67,13.4,6.2,0.58,14.73,21.8838769433465,26.883521592797173,24.383699268071837,8.863699268071837
00-0035689,Dawson Knox,BUF,2022,6,3,0,1,12,17,111,0,104,1.07,0.11,0.09,0.22,5.78,1.02,0.12,0.11,0.25,7.2,7.0,0.45,7.71,13.459906371631243,13.656326380543474,13.558116376087359,7.778116376087358
00-0035703,Miles Boykin,PIT,2022,6,3,1,0,1,2,11,0,46,0.24,0.02,0.07,0.08,1.05,0.24,0.02,0.07,0.08,1.05,2.1,0.05,4.35,7.045806855085142,4.807817121170149,5.926811988127645,4.8768119881276455
00-0035719,Deebo Samuel,SF,2022,6,3,1,0,20,37,266,2,156,1.71,0.28,0.16,0.52,15.02,1.33,0.29,0.24,0.59,15.93,11.2,0.67,15.67,21.83743291594916,26.040023168559358,23.93872804225426,8.918728042254262
00-0035771,Mitchell Wilcox,CIN,2022,6,2,0,1,3,3,30,0,4,7.5,0.03,0.0,0.05,2.0,7.5,0.03,0.0,0.05,2.0,2.8,0.05,2.65,6.969230328298733,6.0076214384858355,6.488425883392284,4.488425883392284
00-0035823,Ben Ellefson,MIN,2022,6,2,0,1,3,3,26,0,15,1.73,0.04,0.03,0.09,2.8,1.73,0.04,0.03,0.09,2.8,4.4,0.11,1.6,1.8646677685378978,1.7677727894050936,1.8162202789714956,-0.9837797210285042
00-0035956,Giovanni Ricci,CAR,2022,6,2,0,1,5,6,58,0,27,2.15,0.07,0.04,0.13,3.6,2.15,0.07,0.04,0.13,3.6,5.7,0.15,2.16,3.9617276933821937,4.4433012803307,4.202514486856447,0.6025144868564465
00-0036005,Noah Togiai,PHI,2022,6,2,0,1,0,1,0,0,4,0.0,0.03,0.03,0.07,0.0,0.0,0.03,0.03,0.07,0.0,0.0,0.07,0.0,0.020499999999999994,0.8373822022569837,0.4289411011284918,0.4289411011284918
00-0036040,Juwan Johnson,NO,2022,6,2,0,1,10,19,129,0,193,0.67,0.12,0.11,0.25,4.58,0.24,0.08,0.07,0.16,2.87,2.3,0.16,3.8,9.668818159399343,6.062558915985818,7.865688537692581,3.2856885376925806
00-0036133,James Proche,BAL,2022,6,2,1,0,1,2,7,0,11,0.64,0.07,0.04,0.14,1.7,0.64,0.07,0.04,0.14,1.7,1.7,0.14,3.66,5.831246233908403,6.898473777489161,6.364860005698782,4.664860005698782
00-0036145,Lawrence Cager,NYJ,2022,6,2,1,0,0,1,0,0,14,0.0,0.02,0.05,0.06,0.0,0.0,0.02,0.05,0.06,0.0,0.0,0.06,1.83,3.906673158359299,3.4056927848184744,3.656182971588887,3.656182971588887
00-0036165,Isaiah Hodgins,BUF,2022,6,2,1,0,4,6,41,0,44,0.93,0.17,0.1,0.32,8.1,0.93,0.17,0.1,0.32,8.1,8.1,0.32,8.1,13.66487600138317,15.580790231371216,14.622833116377194,6.522833116377194
00-0036182,Nick Westbrook-Ikhine,TEN,2022,6,2,1,0,7,12,138,0,232,0.59,0.12,0.27,0.36,5.2,0.54,0.14,0.36,0.46,6.17,9.2,0.57,4.84,10.628941658988026,12.77546298326742,11.702202321127723,6.502202321127723
00-0036187,Reggie Gilliam,BUF,2022,6,2,0,1,4,6,39,1,54,0.72,0.06,0.08,0.15,6.95,0.72,0.06,0.08,0.15,6.95,4.2,0.14,2.77,6.564075125329761,6.793623496208648,6.678849310769204,-0.27115068923079644
00-0036194,Devin Asiasi,CIN,2022,6,2,0,1,0,1,0,0,24,0.0,0.03,0.07,0.1,0.0,0.0,0.03,0.07,0.1,0.0,0.0,0.1,2.38,6.511883131762873,5.316283393876494,5.914083262819684,5.914083262819684
00-0036196,Gabriel Davis,BUF,2022,6,2,1,0,11,20,309,3,334,0.93,0.13,0.27,0.38,14.97,0.66,0.12,0.24,0.35,13.7,32.1,0.5,9.98,19.165629912273726,14.959515331822537,17.06257262204813,2.092572622048129
00-0036219,Marquez Callaway,NO,2022,6,2,1,0,6,10,62,1,119,0.52,0.11,0.12,0.25,6.07,0.52,0.11,0.12,0.25,6.07,2.5,0.27,7.86,13.247310582030149,11.73538000592167,12.49134529397591,6.421345293975909
00-0036228,Dezmon Patmon,IND,2022,6,2,1,0,2,6,24,0,73,0.33,0.21,0.29,0.51,4.4,0.33,0.21,0.29,0.51,4.4,4.4,0.51,2.9,6.177530417734193,4.959635322041911,5.568582869888052,1.168582869888052
00-0036232,Harrison Bryant,CLE,2022,6,2,0,1,9,15,81,0,111,0.73,0.12,0.12,0.26,4.28,0.57,0.12,0.08,0.23,4.43,0.0,0.06,4.71,10.613528734418635,7.576889285720105,9.09520901006937,4.81520901006937
00-0036233,Donovan Peoples-Jones,CLE,2022,6,2,1,0,16,31,191,0,312,0.61,0.2,0.27,0.49,7.02,0.42,0.19,0.28,0.49,7.7,9.0,0.55,7.71,15.734181932393376,19.206950223545764,17.470566077969572,10.450566077969572
00-0036244,Colby Parkinson,SEA,2022,6,2,0,1,6,7,115,1,71,1.62,0.07,0.08,0.16,7.83,1.62,0.07,0.08,0.16,7.83,4.8,0.19,3.93,9.873593277051322,8.81188942600372,9.342741351527522,1.5127413515275219
00-0036250,Tyler Davis,GB,2022,6,2,0,1,4,6,26,0,17,1.53,0.05,0.02,0.08,1.65,1.35,0.05,0.03,0.09,1.77,0.7,0.12,1.57,1.762381299447679,2.903275364963457,2.332828332205568,0.6828283322055682
00-0036252,Michael Pittman,IND,2022,6,2,1,0,25,36,283,1,232,1.22,0.23,0.24,0.51,14.82,0.7,0.21,0.19,0.45,10.73,10.9,0.52,11.77,21.387160912602454,22.475756419332637,21.931458665967547,7.111458665967547
00-0036259,Jauan Jennings,SF,2022,6,2,1,0,10,17,138,0,125,1.1,0.13,0.13,0.28,4.76,0.58,0.11,0.11,0.24,4.07,6.5,0.13,5.54,10.059817378298053,13.559897548770275,11.809857463534165,7.049857463534165
00-0036261,Brandon Aiyuk,SF,2022,6,2,1,0,17,27,237,1,297,0.8,0.2,0.3,0.51,9.48,0.45,0.19,0.28,0.48,9.8,8.8,0.36,11.8,18.689079079776942,18.074979137648736,18.38202910871284,8.902029108712838
00-0036268,Laviska Shenault,CAR,2022,6,2,1,0,2,2,90,1,1,90.0,0.03,0.0,0.05,8.5,90.0,0.03,0.0,0.05,8.5,0.0,0.0,9.41,12.171888075486539,23.014955546720145,17.59342181110334,9.09342181110334
00-0036271,Quez Watkins,PHI,2022,6,2,1,0,5,8,88,1,98,0.9,0.07,0.1,0.17,4.95,0.19,0.07,0.05,0.13,1.63,4.9,0.19,6.34,10.794890742591376,9.827457205925297,10.311173974258336,5.361173974258336
00-0036277,Quintez Cephus,DET,2022,6,2,1,0,2,3,15,0,14,1.07,0.08,0.04,0.14,3.5,1.07,0.08,0.04,0.14,3.5,3.5,0.14,7.05,11.23078964450276,8.631356047791504,9.931072846147131,6.431072846147131
00-0036290,Cole Kmet,CHI,2022,6,2,0,1,10,15,116,0,85,1.36,0.14,0.08,0.26,3.6,0.89,0.15,0.05,0.26,5.2,2.5,0.22,5.66,11.690733439809103,13.844863563926099,12.7677985018676,9.167798501867601
00-0036309,Darnell Mooney,CHI,2022,6,2,1,0,17,33,241,0,471,0.51,0.3,0.46,0.77,6.85,0.45,0.33,0.55,0.88,11.47,13.8,1.05,10.59,19.177233163408925,28.740555224966087,23.958894194187508,17.108894194187506
00-0036322,Justin Jefferson,MIN,2022,6,2,1,0,40,55,547,2,450,1.22,0.29,0.39,0.72,23.18,0.7,0.29,0.33,0.66,21.91,30.32,0.9,18.96,25.363300000000002,36.64268026252645,31.002990131263225,7.822990131263225
00-0036326,Chase Claypool,PIT,2022,6,2,1,0,16,29,129,0,279,0.46,0.16,0.17,0.37,6.72,0.3,0.16,0.19,0.37,5.87,10.0,0.39,11.67,18.481990347662403,20.32981623208454,19.40590328987347,12.685903289873472
00-0036331,Devin Duvernay,BAL,2022,6,2,1,0,17,20,226,3,253,0.89,0.14,0.19,0.35,13.16,0.51,0.17,0.27,0.44,10.73,12.8,0.69,5.77,12.075793258719175,21.856700566235386,16.96624691247728,3.806246912477281
00-0036332,Josiah Deguara,GB,2022,6,2,0,1,4,5,47,0,13,3.62,0.05,0.02,0.08,2.9,3.62,0.05,0.02,0.08,2.9,3.9,0.08,4.26,9.929127221468201,7.596560790776495,8.762844006122348,5.862844006122348
00-0036345,K.J. Osborn,MIN,2022,6,2,1,0,16,21,159,1,203,0.78,0.11,0.18,0.29,7.56,0.59,0.14,0.23,0.37,9.63,9.1,0.32,8.92,13.530835724912599,14.31517547151581,13.923005598214203,6.363005598214204
00-0036358,CeeDee Lamb,DAL,2022,6,2,1,0,28,50,341,2,501,0.68,0.35,0.44,0.83,14.94,0.47,0.39,0.49,0.93,18.23,10.3,1.11,13.92,19.885666917897282,28.447657944222264,24.166662431059773,9.226662431059774
00-0036365,Bryan Edwards,ATL,2022,6,2,1,0,2,4,12,0,40,0.3,0.05,0.06,0.11,1.07,0.3,0.05,0.06,0.11,1.07,2.0,0.08,5.37,6.9721704335421055,6.409623602507261,6.690897018024684,5.620897018024683
00-0036387,Jalen Reagor,MIN,2022,6,2,1,0,3,5,10,1,9,1.11,0.03,0.01,0.05,2.93,0.33,0.03,0.01,0.05,2.77,7.1,0.03,5.4,10.063735457685038,7.168225634875989,8.615980546280513,5.685980546280513
00-0036407,Jerry Jeudy,DEN,2022,6,2,1,0,14,29,236,2,355,0.66,0.18,0.25,0.44,9.94,0.35,0.2,0.27,0.49,9.1,8.3,0.52,9.43,16.79463843711487,16.851077427255508,16.822857932185187,6.882857932185187
00-0036410,Tee Higgins,CIN,2022,6,2,1,0,20,28,315,2,310,1.02,0.18,0.27,0.46,15.88,0.93,0.25,0.36,0.64,19.6,25.4,0.63,14.54,22.240523173860996,31.422025926759936,26.831274550310468,10.951274550310467
00-0036412,KJ Hamler,DEN,2022,6,2,1,0,2,4,65,0,115,0.57,0.04,0.12,0.14,2.83,0.57,0.04,0.12,0.14,2.83,2.0,0.15,6.17,10.053896177876181,8.485304823668551,9.269600500772366,6.439600500772366
00-0036422,Adam Trautman,NO,2022,6,2,0,1,6,7,78,1,63,1.24,0.08,0.07,0.16,6.6,1.24,0.08,0.07,0.16,6.6,11.2,0.32,4.9,8.098313800755935,6.582352574848405,7.34033318780217,0.74033318780217
00-0036423,Albert Okwuegbunam,DEN,2022,6,2,0,1,7,11,50,0,25,2.0,0.08,0.02,0.13,3.0,0.68,0.05,0.02,0.09,1.23,1.5,0.04,5.58,8.452823939068368,7.423355438243349,7.938089688655859,4.938089688655859
00-0036429,Charlie Woerner,SF,2022,6,2,0,1,0,1,0,0,20,0.0,0.04,0.16,0.17,0.0,0.0,0.04,0.16,0.17,0.0,0.0,0.17,1.87,4.311978969708606,3.719674011460788,4.015826490584697,4.015826490584697
00-0036438,Stephen Sullivan,CAR,2022,6,2,0,1,1,1,13,0,13,1.0,0.04,0.06,0.1,2.3,1.0,0.04,0.06,0.1,2.3,2.3,0.1,1.15,0.35595,0.634657792936558,0.495303896468279,-1.8046961035317208
00-0036439,Tyrie Cleveland,DEN,2022,6,2,1,0,2,4,28,0,31,0.9,0.06,0.05,0.12,2.4,0.9,0.06,0.05,0.12,2.4,0.0,0.06,2.14,4.700349577537949,3.996518833522573,4.348434205530261,1.9484342055302615
00-0036482,Mike Strachan,IND,2022,6,1,1,0,3,6,59,0,75,0.79,0.05,0.09,0.14,2.97,0.79,0.05,0.09,0.14,2.97,0.0,0.07,2.7,1.0423598343685299,1.8732554345747467,1.4578076344716382,-1.512192365528362
00-0036550,Rashod Bateman,BAL,2022,6,1,1,0,11,22,243,2,317,0.77,0.19,0.3,0.5,11.32,0.58,0.2,0.3,0.51,10.47,4.7,0.52,9.3,8.877744651755817,4.199693994504638,6.538719323130227,-4.781280676869773
00-0036554,Nico Collins,HOU,2022,6,1,1,0,15,27,272,0,389,0.7,0.17,0.33,0.48,8.44,0.48,0.17,0.39,0.52,9.27,10.5,0.77,6.62,7.501528238135705,7.879369585938382,7.690448912037043,-0.7495510879629563
00-0036556,Brevin Jordan,HOU,2022,6,1,0,1,3,6,8,0,43,0.19,0.08,0.08,0.18,1.9,0.19,0.08,0.08,0.18,1.9,2.3,0.25,5.96,15.270630492338633,16.28599408979208,15.778312291065356,13.878312291065356
00-0036572,Shi Smith,CAR,2022,6,1,1,0,8,18,105,0,174,0.6,0.12,0.16,0.29,3.7,0.52,0.09,0.13,0.22,5.03,10.9,0.33,3.46,3.040679920634921,3.6195688499575214,3.3301243852962212,-0.36987561470377894
00-0036590,Quintin Morris,BUF,2022,6,1,0,1,6,9,67,0,66,1.02,0.05,0.05,0.12,2.67,0.92,0.06,0.06,0.14,3.03,4.9,0.26,2.67,0.7984297477884433,4.0226266146333165,2.41052818121088,-0.25947181878912007
00-0036613,Jaylen Waddle,MIA,2022,6,1,1,0,24,39,404,3,403,1.0,0.23,0.29,0.55,16.82,0.41,0.17,0.22,0.41,8.77,5.3,0.23,15.8,23.82882578200643,29.966199352998615,26.897512567502524,10.077512567502524
00-0036620,D'Wayne Eskridge,SEA,2022,6,1,1,0,3,5,16,0,19,0.84,0.05,0.02,0.08,1.3,0.84,0.04,0.02,0.07,1.4,0.0,0.09,2.79,8.998204166666667,6.091183115169686,7.544693640918177,6.244693640918177
00-0036626,Dyami Brown,WAS,2022,6,1,1,0,3,9,111,2,229,0.48,0.09,0.29,0.34,8.7,0.48,0.09,0.29,0.34,8.7,0.0,0.21,4.52,5.945269284188035,3.948253221329354,4.946761252758694,-3.753238747241305
00-0036628,John Bates,WAS,2022,6,1,0,1,9,14,73,0,54,1.35,0.07,0.03,0.13,3.26,1.07,0.08,0.04,0.15,4.27,6.9,0.17,4.2,8.07708526902239,7.573605649624351,7.825345459323371,4.565345459323371
00-0036630,Tylan Wallace,BAL,2022,6,1,1,0,2,5,17,0,85,0.2,0.06,0.09,0.15,1.23,0.2,0.06,0.09,0.15,1.23,1.8,0.23,1.14,1.3315468253968246,2.2471443835532976,1.789345604475061,0.5593456044750611
00-0036635,Ihmir Smith-Marsette,CHI,2022,6,1,1,0,1,4,15,0,28,0.54,0.06,0.05,0.12,0.13,0.54,0.06,0.05,0.12,0.13,-0.1,0.1,4.83,16.452054861111115,13.347308673468014,14.899681767289565,14.769681767289564
00-0036637,Noah Gray,KC,2022,6,1,0,1,5,10,55,0,56,0.98,0.05,0.04,0.11,3.32,0.59,0.05,0.03,0.09,3.8,1.7,0.08,2.61,0.822809595959596,2.4955793130732444,1.6591944545164203,-1.6608055454835795
00-0036646,Simi Fehoko,DAL,2022,6,1,1,0,3,4,24,0,51,0.47,0.06,0.08,0.14,2.7,0.47,0.06,0.08,0.14,2.7,2.2,0.07,2.7,1.3605091128678086,1.473971962358887,1.4172405376133477,-1.2827594623866525
00-0036671,Dax Milne,WAS,2022,6,1,1,0,3,4,23,0,29,0.79,0.03,0.02,0.06,1.33,0.79,0.03,0.02,0.05,1.77,1.5,0.09,1.59,4.470059126984123,3.8263640789669933,4.148211602975558,2.818211602975558
00-0036692,Miller Forristall,CLE,2022,6,1,0,1,0,1,0,0,5,0.0,0.03,0.02,0.07,0.0,0.0,0.03,0.02,0.07,0.0,0.0,0.07,0.0,0.032499999999999994,0.9079300042870619,0.47021500214353096,0.47021500214353096
00-0036741,Jack Stoll,PHI,2022,6,1,0,1,1,2,4,0,1,4.0,0.06,0.0,0.09,1.4,4.0,0.06,0.0,0.09,1.4,1.4,0.09,1.9,4.145667106240015,3.8364942538396547,3.9910806800398353,2.5910806800398354
00-0036754,Brock Wright,DET,2022,6,1,0,1,1,1,25,0,15,1.67,0.03,0.05,0.08,3.5,1.67,0.03,0.05,0.08,3.5,3.5,0.08,4.9,9.844671839826846,8.864455197938447,9.354563518882646,5.854563518882646
00-0036849,Tutu Atwell,LA,2022,6,1,1,0,1,4,54,0,154,0.35,0.04,0.19,0.19,2.13,0.35,0.04,0.19,0.19,2.13,6.4,0.27,2.13,2.6764584947419747,2.051800496769315,2.3641294957556447,0.2341294957556448
00-0036862,Ben Skowronek,LA,2022,6,1,1,0,18,24,181,0,190,0.95,0.13,0.15,0.29,7.22,0.74,0.13,0.12,0.28,8.67,10.1,0.36,4.54,7.499468679653688,2.3725841413041135,4.936026410478901,-2.283973589521099
00-0036876,Kylen Granson,IND,2022,6,1,0,1,12,18,121,0,99,1.22,0.1,0.08,0.2,4.82,0.86,0.08,0.09,0.19,5.17,2.6,0.18,3.05,1.5453027777777775,3.5835700187868773,2.5644363982823273,-2.255563601717673
00-0036877,Jaelon Darden,TB,2022,6,1,1,0,1,1,25,0,15,1.67,0.01,0.03,0.04,1.85,1.67,0.01,0.03,0.04,1.85,3.5,0.08,1.68,1.1041598873047243,2.50153152328885,1.8028457052967872,-0.04715429470321286
00-0036894,Pat Freiermuth,PIT,2022,6,1,0,1,20,32,235,1,254,0.93,0.18,0.16,0.38,9.9,0.54,0.14,0.14,0.3,8.27,3.2,0.07,9.44,8.813103174603167,8.057613848071234,8.435358511337201,-1.4646414886627994
00-0036900,Ja'Marr Chase,CIN,2022,6,1,1,0,32,53,343,2,450,0.76,0.28,0.35,0.67,15.3,0.36,0.28,0.39,0.69,12.27,12.0,0.83,17.39,21.2929846969697,31.22629186906532,26.25963828301751,10.959638283017508
00-0036912,DeVonta Smith,PHI,2022,6,1,1,0,28,38,353,1,353,1.0,0.25,0.32,0.6,13.86,0.77,0.29,0.41,0.73,18.1,18.7,0.68,11.6,16.62349995219534,21.04189607852675,18.832698015361046,4.972698015361047
00-0036913,Kadarius Toney,NYG,2022,6,1,1,0,2,3,0,0,-7,0.0,0.06,-0.02,0.07,2.15,0.0,0.06,-0.02,0.07,2.15,2.0,0.12,7.88,16.033445833333342,17.824721373914727,16.929083603624036,14.779083603624036
00-0036936,Rondale Moore,ARI,2022,6,1,1,0,10,13,79,0,76,1.04,0.19,0.16,0.39,8.4,1.04,0.19,0.16,0.39,8.4,13.1,0.36,8.01,7.798457645279764,10.160557171430261,8.979507408355012,0.5795074083550116
00-0036955,Terrace Marshall,CAR,2022,6,1,1,0,4,4,30,0,22,1.36,0.1,0.06,0.2,7.0,1.36,0.1,0.06,0.2,7.0,7.0,0.2,3.06,3.1139440993788825,0.635360573769402,1.8746523365741423,-5.125347663425858
00-0036959,Michael Bandy,LAC,2022,6,1,1,0,2,2,49,0,43,1.14,0.05,0.16,0.19,6.9,1.14,0.05,0.16,0.19,6.9,6.9,0.19,6.9,6.811941313874034,7.604858797385306,7.208400055629671,0.30840005562967043
00-0036963,Amon-Ra St. Brown,DET,2022,6,1,1,0,27,39,271,3,219,1.24,0.28,0.18,0.55,19.73,0.95,0.26,0.17,0.51,19.5,5.8,0.35,15.31,22.33314782569083,34.84790144831608,28.590524637003455,8.860524637003454
00-0036970,Kyle Pitts,ATL,2022,6,1,0,1,10,22,150,0,346,0.43,0.23,0.33,0.58,6.25,0.38,0.24,0.34,0.6,7.03,3.5,0.52,9.6,17.991431746031743,24.903070082181024,21.447250914106384,15.197250914106384
00-0036980,Elijah Moore,NYJ,2022,6,1,1,0,16,29,203,0,436,0.47,0.14,0.27,0.4,7.18,0.26,0.17,0.31,0.47,6.5,2.1,0.53,10.88,20.64138442271412,24.539665456908885,22.590524939811502,15.410524939811502
00-0036988,Josh Palmer,LAC,2022,6,1,1,0,17,28,183,1,192,0.95,0.15,0.15,0.33,8.34,0.77,0.14,0.17,0.33,8.27,5.4,0.45,6.73,6.702391964463447,3.5813605139851714,5.14187623922431,-3.1981237607756903
00-0036999,Anthony Schwartz,CLE,2022,6,1,1,0,1,3,19,0,30,0.63,0.05,0.06,0.11,2.45,0.63,0.05,0.06,0.11,2.45,0.0,0.07,2.74,3.114577224164723,2.2197740064704856,2.6671756153176043,0.2171756153176041
00-0037005,Tommy Tremble,CAR,2022,6,1,0,1,5,9,42,0,59,0.71,0.07,0.07,0.15,2.3,0.69,0.08,0.08,0.18,2.7,0.0,0.05,3.46,10.449363039909532,7.9255064918941445,9.187434765901838,6.887434765901838
00-0037011,Tre' McKitty,LAC,2022,6,1,0,1,4,7,28,0,16,1.75,0.07,0.02,0.12,2.27,1.75,0.07,0.02,0.12,2.27,0.0,0.09,1.92,1.3781633920019154,2.3587763484759265,1.868469870238921,-0.40153012976107894
